Workbook

Sheet Planilha1
A3: Rótulos de Linha | B3: Contagem de DOCUMENTO
A4: 01 | B4: 1283
A5: 452-454 | B5: 52
A6: 454-460 | B6: 175
A7: 510-511 | B7: 72
A8: 512-NORTE | B8: 33
A9: 515-NORTE | B9: 33
A10: 515-SUL | B10: 33
A11: 520-NORTE | B11: 34
A12: 521-NORTE | B12: 24
A13: 535-545 | B13: 272
A14: 626-628 | B14: 86
A15: 634-RET | B15: 82
... A23: Total Geral | B23: 1900

Sheet LD_PROJETOS
A1: LISTA DE DOCUMENTOS
A2: PROJETO: A373 - MOTIVA PANTANAL - BR163MS | C2: ANOS: 01 e 02 | F2: DATA ATUALIZAÇÃO: 16/06/2026
A3: DOCUMENTO | B3: REVISÃO | C3: ANO | D3: GRUPO | E3: OBRA | F3: TÍTULO | G3: DISCIPLINA | H3: SIGLA | I3: PASTA | J3: ARQUIVO | K3: REV. RECEBIDAS | L3: EXTENSÕES | M3: DATA RECEBIMENTO | N3: RAIZ SHAREPOINT | O3: LINK | P3: LOCAL
A4: MSV-163MS-452-454-ACA-EXE-DE-C1-001 | B4: =VLOOKUP(LD_01[[#This Row],[DOCUMENTO]],_xlfn.SORTBY(ARQUIVOS_RECEBIDOS!$E$2:$F$5010,ARQUIVOS_RECEBIDOS!$F$2:$F$5010,-1),2,) -> R00 | C4: 01 | D4: PRINCIPAL | E4: 452-454 | F4: LEVANTAMENTO TOPOGRÁFICO - PLANTA | G4: TOPOGRAFIA | H4: =_xlfn.XLOOKUP(LD_01[[#This Row],[DISCIPLINA]],'CLASSES DE PROJETOS'!$F$3:$F$37,'CLASSES DE PROJETOS'!$C$3:$C$37) -> TO | I4: =_xlfn.TEXTJOIN("/",TRUE,"MSV-163MS-"&LD_01[[#This Row],[OBRA]],_xlfn.XLOOKUP(LD_01[[#This Row],[SIGLA]],'CLASSES DE PROJETOS'!$C$3:$C$37,'CLASSES DE PROJETOS'!$E$3:$E$37)) -> MSV-163MS-452-454/33.TO | J4: {=_xlfn.TEXTJOIN(",",TRUE,_xlfn._xlws.FILTER(ARQUIVOS[ARQUIVO],(ARQUIVOS[DOCUMENTO]=LD_01[[#This Row],[DOCUMENTO]])*(ARQUIVOS[REVISÃO]=LD_01[[#This Row],[REVISÃO]])*(ARQUIVOS[EXTENSÃO]="pdf")))} -> MSV-163MS-452-454-ACA-EXE-DE-C1-001-R00.pdf | K4: {=_xlfn.TEXTJOIN(", ",TRUE,_xlfn.UNIQUE(_xlfn._xlws.FILTER(ARQUIVOS_RECEBIDOS!$F$2:$F$5010,ARQUIVOS_RECEBIDOS!$E$2:$E$5010=LD_01[[#This Row],[DOCUMENTO]])))} -> R00 | L4: {=_xlfn.TEXTJOIN(",",TRUE,_xlfn._xlws.FILTER(ARQUIVOS[EXTENSÃO],(ARQUIVOS[DOCUMENTO]=LD_01[[#This Row],[DOCUMENTO]])*(ARQUIVOS[REVISÃO]=LD_01[[#This Row],[REVISÃO]])))} -> dwg,pdf | M4: {=_xlfn.UNIQUE(_xlfn._xlws.FILTER(ARQUIVOS[DATA RECEBIMENTO],(ARQUIVOS[DOCUMENTO]=LD_01[[#This Row],[DOCUMENTO]])*(ARQUIVOS[REVISÃO]=LD_01[[#This Row],[REVISÃO]])))} -> 45838 | N4: ="https://aterpa.sharepoint.com//sites/A373_Projetos/Documentos Compartilhados/11.Sala Tecnica/01.PROJETOS/ANO "&TEXT(LD_01[[#This Row],[ANO]],"00") -> https://aterpa.sharepoint.com//sites/A373_Projetos/Documentos Compartilhados/11.Sala Tecnica/01.PROJETOS/ANO 01 | O4: =_xlfn.TEXTJOIN("/",TRUE,LD_01[[#This Row],[RAIZ SHAREPOINT]],LD_01[[#This Row],[PASTA]],LD_01[[#This Row],[ARQUIVO]]) -> https://aterpa.sharepoint.com//sites/A373_Projetos/Documentos Compartilhados/11.Sala Tecnica/01.PROJETOS/ANO 01/MSV-163MS-452-454/33.TO/MSV-163MS-452-454-ACA-EXE-DE-C1-001-R00.pdf | P4: =LD_01[[#This Row],[PASTA]]&"/"&LD_01[[#This Row],[ARQUIVO]] -> MSV-163MS-452-454/33.TO/MSV-163MS-452-454-ACA-EXE-DE-C1-001-R00.pdf
A5: MSV-163MS-452-454-ACA-EXE-DE-C1-002 | B5: =VLOOKUP(LD_01[[#This Row],[DOCUMENTO]],_xlfn.SORTBY(ARQUIVOS_RECEBIDOS!$E$2:$F$5010,ARQUIVOS_RECEBIDOS!$F$2:$F$5010,-1),2,) -> R00 | C5: 01 | D5: PRINCIPAL | E5: 452-454 | F5: LEVANTAMENTO TOPOGRÁFICO - PLANTA | G5: TOPOGRAFIA | H5: =_xlfn.XLOOKUP(LD_01[[#This Row],[DISCIPLINA]],'CLASSES DE PROJETOS'!$F$3:$F$37,'CLASSES DE PROJETOS'!$C$3:$C$37) -> TO | I5: =_xlfn.TEXTJOIN("/",TRUE,"MSV-163MS-"&LD_01[[#This Row],[OBRA]],_xlfn.XLOOKUP(LD_01[[#This Row],[SIGLA]],'CLASSES DE PROJETOS'!$C$3:$C$37,'CLASSES DE PROJETOS'!$E$3:$E$37)) -> MSV-163MS-452-454/33.TO | J5: {=_xlfn.TEXTJOIN(",",TRUE,_xlfn._xlws.FILTER(ARQUIVOS[ARQUIVO],(ARQUIVOS[DOCUMENTO]=LD_01[[#This Row],[DOCUMENTO]])*(ARQUIVOS[REVISÃO]=LD_01[[#This Row],[REVISÃO]])*(ARQUIVOS[EXTENSÃO]="pdf")))} -> MSV-163MS-452-454-ACA-EXE-DE-C1-002-R00.pdf | K5: {=_xlfn.TEXTJOIN(", ",TRUE,_xlfn.UNIQUE(_xlfn._xlws.FILTER(ARQUIVOS_RECEBIDOS!$F$2:$F$5010,ARQUIVOS_RECEBIDOS!$E$2:$E$5010=LD_01[[#This Row],[DOCUMENTO]])))} -> R00 | L5: {=_xlfn.TEXTJOIN(",",TRUE,_xlfn._xlws.FILTER(ARQUIVOS[EXTENSÃO],(ARQUIVOS[DOCUMENTO]=LD_01[[#This Row],[DOCUMENTO]])*(ARQUIVOS[REVISÃO]=LD_01[[#This Row],[REVISÃO]])))} -> dwg,pdf | M5: {=_xlfn.UNIQUE(_xlfn._xlws.FILTER(ARQUIVOS[DATA RECEBIMENTO],(ARQUIVOS[DOCUMENTO]=LD_01[[#This Row],[DOCUMENTO]])*(ARQUIVOS[REVISÃO]=LD_01[[#This Row],[REVISÃO]])))} -> 45838 | N5: ="https://aterpa.sharepoint.com//sites/A373_Projetos/Documentos Compartilhados/11.Sala Tecnica/01.PROJETOS/ANO "&TEXT(LD_01[[#This Row],[ANO]],"00") -> https://aterpa.sharepoint.com//sites/A373_Projetos/Documentos Compartilhados/11.Sala Tecnica/01.PROJETOS/ANO 01 | O5: =_xlfn.TEXTJOIN("/",TRUE,LD_01[[#This Row],[RAIZ SHAREPOINT]],LD_01[[#This Row],[PASTA]],LD_01[[#This Row],[ARQUIVO]]) -> https://aterpa.sharepoint.com//sites/A373_Projetos/Documentos Compartilhados/11.Sala Tecnica/01.PROJETOS/ANO 01/MSV-163MS-452-454/33.TO/MSV-163MS-452-454-ACA-EXE-DE-C1-002-R00.pdf | P5: =LD_01[[#This Row],[PASTA]]&"/"&LD_01[[#This Row],[ARQUIVO]] -> MSV-163MS-452-454/33.TO/MSV-163MS-452-454-ACA-EXE-DE-C1-002-R00.pdf
A6: MSV-163MS-452-454-ACA-EXE-DE-D3-001 | B6: =VLOOKUP(LD_01[[#This Row],[DOCUMENTO]],_xlfn.SORTBY(ARQUIVOS_RECEBIDOS!$E$2:$F$5010,ARQUIVOS_RECEBIDOS!$F$2:$F$5010,-1),2,) -> R03 | C6: 01 | D6: PRINCIPAL | E6: 452-454 | F6: PLANTA E PERFIL LONGITUDINAL | G6: GEOTECNIA E GEOLOGIA | H6: =_xlfn.XLOOKUP(LD_01[[#This Row],[DISCIPLINA]],'CLASSES DE PROJETOS'!$F$3:$F$37,'CLASSES DE PROJETOS'!$C$3:$C$37) -> GG | I6: =_xlfn.TEXTJOIN("/",TRUE,"MSV-163MS-"&LD_01[[#This Row],[OBRA]],_xlfn.XLOOKUP(LD_01[[#This Row],[SIGLA]],'CLASSES DE PROJETOS'!$C$3:$C$37,'CLASSES DE PROJETOS'!$E$3:$E$37)) -> MSV-163MS-452-454/19.GG | J6: {=_xlfn.TEXTJOIN(",",TRUE,_xlfn._xlws.FILTER(ARQUIVOS[ARQUIVO],(ARQUIVOS[DOCUMENTO]=LD_01[[#This Row],[DOCUMENTO]])*(ARQUIVOS[REVISÃO]=LD_01[[#This Row],[REVISÃO]])*(ARQUIVOS[EXTENSÃO]="pdf")))} -> MSV-163MS-452-454-ACA-EXE-DE-D3-001-R03.pdf | K6: {=_xlfn.TEXTJOIN(", ",TRUE,_xlfn.UNIQUE(_xlfn._xlws.FILTER(ARQUIVOS_RECEBIDOS!$F$2:$F$5010,ARQUIVOS_RECEBIDOS!$E$2:$E$5010=LD_01[[#This Row],[DOCUMENTO]])))} -> R03 | L6: {=_xlfn.TEXTJOIN(",",TRUE,_xlfn._xlws.FILTER(ARQUIVOS[EXTENSÃO],(ARQUIVOS[DOCUMENTO]=LD_01[[#This Row],[DOCUMENTO]])*(ARQUIVOS[REVISÃO]=LD_01[[#This Row],[REVISÃO]])))} -> dwg,pdf | M6: {=_xlfn.UNIQUE(_xlfn._xlws.FILTER(ARQUIVOS[DATA RECEBIMENTO],(ARQUIVOS[DOCUMENTO]=LD_01[[#This Row],[DOCUMENTO]])*(ARQUIVOS[REVISÃO]=LD_01[[#This Row],[REVISÃO]])))} -> 45838 | N6: ="https://aterpa.sharepoint.com//sites/A373_Projetos/Documentos Compartilhados/11.Sala Tecnica/01.PROJETOS/ANO "&TEXT(LD_01[[#This Row],[ANO]],"00") -> https://aterpa.sharepoint.com//sites/A373_Projetos/Documentos Compartilhados/11.Sala Tecnica/01.PROJETOS/ANO 01 | O6: =_xlfn.TEXTJOIN("/",TRUE,LD_01[[#This Row],[RAIZ SHAREPOINT]],LD_01[[#This Row],[PASTA]],LD_01[[#This Row],[ARQUIVO]]) -> https://aterpa.sharepoint.com//sites/A373_Projetos/Documentos Compartilhados/11.Sala Tecnica/01.PROJETOS/ANO 01/MSV-163MS-452-454/19.GG/MSV-163MS-452-454-ACA-EXE-DE-D3-001-R03.pdf | P6: =LD_01[[#This Row],[PASTA]]&"/"&LD_01[[#This Row],[ARQUIVO]] -> MSV-163MS-452-454/19.GG/MSV-163MS-452-454-ACA-EXE-DE-D3-001-R03.pdf
A7: MSV-163MS-452-454-ACA-EXE-DE-D3-002 | B7: =VLOOKUP(LD_01[[#This Row],[DOCUMENTO]],_xlfn.SORTBY(ARQUIVOS_RECEBIDOS!$E$2:$F$5010,ARQUIVOS_RECEBIDOS!$F$2:$F$5010,-1),2,) -> R03 | C7: 01 | D7: PRINCIPAL | E7: 452-454 | F7: PLANTA E PERFIL LONGITUDINAL | G7: GEOTECNIA E GEOLOGIA | H7: =_xlfn.XLOOKUP(LD_01[[#This Row],[DISCIPLINA]],'CLASSES DE PROJETOS'!$F$3:$F$37,'CLASSES DE PROJETOS'!$C$3:$C$37) -> GG | I7: =_xlfn.TEXTJOIN("/",TRUE,"MSV-163MS-"&LD_01[[#This Row],[OBRA]],_xlfn.XLOOKUP(LD_01[[#This Row],[SIGLA]],'CLASSES DE PROJETOS'!$C$3:$C$37,'CLASSES DE PROJETOS'!$E$3:$E$37)) -> MSV-163MS-452-454/19.GG | J7: {=_xlfn.TEXTJOIN(",",TRUE,_xlfn._xlws.FILTER(ARQUIVOS[ARQUIVO],(ARQUIVOS[DOCUMENTO]=LD_01[[#This Row],[DOCUMENTO]])*(ARQUIVOS[REVISÃO]=LD_01[[#This Row],[REVISÃO]])*(ARQUIVOS[EXTENSÃO]="pdf")))} -> MSV-163MS-452-454-ACA-EXE-DE-D3-002-R03.pdf | K7: {=_xlfn.TEXTJOIN(", ",TRUE,_xlfn.UNIQUE(_xlfn._xlws.FILTER(ARQUIVOS_RECEBIDOS!$F$2:$F$5010,ARQUIVOS_RECEBIDOS!$E$2:$E$5010=LD_01[[#This Row],[DOCUMENTO]])))} -> R03 | L7: {=_xlfn.TEXTJOIN(",",TRUE,_xlfn._xlws.FILTER(ARQUIVOS[EXTENSÃO],(ARQUIVOS[DOCUMENTO]=LD_01[[#This Row],[DOCUMENTO]])*(ARQUIVOS[REVISÃO]=LD_01[[#This Row],[REVISÃO]])))} -> dwg,pdf | M7: {=_xlfn.UNIQUE(_xlfn._xlws.FILTER(ARQUIVOS[DATA RECEBIMENTO],(ARQUIVOS[DOCUMENTO]=LD_01[[#This Row],[DOCUMENTO]])*(ARQUIVOS[REVISÃO]=LD_01[[#This Row],[REVISÃO]])))} -> 45838 | N7: ="https://aterpa.sharepoint.com//sites/A373_Projetos/Documentos Compartilhados/11.Sala Tecnica/01.PROJETOS/ANO "&TEXT(LD_01[[#This Row],[ANO]],"00") -> https://aterpa.sharepoint.com//sites/A373_Projetos/Documentos Compartilhados/11.Sala Tecnica/01.PROJETOS/ANO 01 | O7: =_xlfn.TEXTJOIN("/",TRUE,LD_01[[#This Row],[RAIZ SHAREPOINT]],LD_01[[#This Row],[PASTA]],LD_01[[#This Row],[ARQUIVO]]) -> https://aterpa.sharepoint.com//sites/A373_Projetos/Documentos Compartilhados/11.Sala Tecnica/01.PROJETOS/ANO 01/MSV-163MS-452-454/19.GG/MSV-163MS-452-454-ACA-EXE-DE-D3-002-R03.pdf | P7: =LD_01[[#This Row],[PASTA]]&"/"&LD_01[[#This Row],[ARQUIVO]] -> MSV-163MS-452-454/19.GG/MSV-163MS-452-454-ACA-EXE-DE-D3-002-R03.pdf
A8: MSV-163MS-452-454-ACA-EXE-DE-D3-003 | B8: =VLOOKUP(LD_01[[#This Row],[DOCUMENTO]],_xlfn.SORTBY(ARQUIVOS_RECEBIDOS!$E$2:$F$5010,ARQUIVOS_RECEBIDOS!$F$2:$F$5010,-1),2,) -> R02 | C8: 01 | D8: PRINCIPAL | E8: 452-454 | F8: PLANTA E PERFIL LONGITUDINAL | G8: GEOTECNIA E GEOLOGIA | H8: =_xlfn.XLOOKUP(LD_01[[#This Row],[DISCIPLINA]],'CLASSES DE PROJETOS'!$F$3:$F$37,'CLASSES DE PROJETOS'!$C$3:$C$37) -> GG | I8: =_xlfn.TEXTJOIN("/",TRUE,"MSV-163MS-"&LD_01[[#This Row],[OBRA]],_xlfn.XLOOKUP(LD_01[[#This Row],[SIGLA]],'CLASSES DE PROJETOS'!$C$3:$C$37,'CLASSES DE PROJETOS'!$E$3:$E$37)) -> MSV-163MS-452-454/19.GG | J8: {=_xlfn.TEXTJOIN(",",TRUE,_xlfn._xlws.FILTER(ARQUIVOS[ARQUIVO],(ARQUIVOS[DOCUMENTO]=LD_01[[#This Row],[DOCUMENTO]])*(ARQUIVOS[REVISÃO]=LD_01[[#This Row],[REVISÃO]])*(ARQUIVOS[EXTENSÃO]="pdf")))} -> MSV-163MS-452-454-ACA-EXE-DE-D3-003-R02.pdf | K8: {=_xlfn.TEXTJOIN(", ",TRUE,_xlfn.UNIQUE(_xlfn._xlws.FILTER(ARQUIVOS_RECEBIDOS!$F$2:$F$5010,ARQUIVOS_RECEBIDOS!$E$2:$E$5010=LD_01[[#This Row],[DOCUMENTO]])))} -> R02 | L8: {=_xlfn.TEXTJOIN(",",TRUE,_xlfn._xlws.FILTER(ARQUIVOS[EXTENSÃO],(ARQUIVOS[DOCUMENTO]=LD_01[[#This Row],[DOCUMENTO]])*(ARQUIVOS[REVISÃO]=LD_01[[#This Row],[REVISÃO]])))} -> dwg,pdf | M8: {=_xlfn.UNIQUE(_xlfn._xlws.FILTER(ARQUIVOS[DATA RECEBIMENTO],(ARQUIVOS[DOCUMENTO]=LD_01[[#This Row],[DOCUMENTO]])*(ARQUIVOS[REVISÃO]=LD_01[[#This Row],[REVISÃO]])))} -> 45838 | N8: ="https://aterpa.sharepoint.com//sites/A373_Projetos/Documentos Compartilhados/11.Sala Tecnica/01.PROJETOS/ANO "&TEXT(LD_01[[#This Row],[ANO]],"00") -> https://aterpa.sharepoint.com//sites/A373_Projetos/Documentos Compartilhados/11.Sala Tecnica/01.PROJETOS/ANO 01 | O8: =_xlfn.TEXTJOIN("/",TRUE,LD_01[[#This Row],[RAIZ SHAREPOINT]],LD_01[[#This Row],[PASTA]],LD_01[[#This Row],[ARQUIVO]]) -> https://aterpa.sharepoint.com//sites/A373_Projetos/Documentos Compartilhados/11.Sala Tecnica/01.PROJETOS/ANO 01/MSV-163MS-452-454/19.GG/MSV-163MS-452-454-ACA-EXE-DE-D3-003-R02.pdf | P8: =LD_01[[#This Row],[PASTA]]&"/"&LD_01[[#This Row],[ARQUIVO]] -> MSV-163MS-452-454/19.GG/MSV-163MS-452-454-ACA-EXE-DE-D3-003-R02.pdf
A9: MSV-163MS-452-454-ACA-EXE-DE-F1-001 | B9: =VLOOKUP(LD_01[[#This Row],[DOCUMENTO]],_xlfn.SORTBY(ARQUIVOS_RECEBIDOS!$E$2:$F$5010,ARQUIVOS_RECEBIDOS!$F$2:$F$5010,-1),2,) -> R07 | C9: 01 | D9: PRINCIPAL | E9: 452-454 | F9: PROJETO EXECUTIVO DE GEOMETRIA - PLANTA E PERFIL LONGITUDINAL | G9: GEOMÉTRICO | H9: =_xlfn.XLOOKUP(LD_01[[#This Row],[DISCIPLINA]],'CLASSES DE PROJETOS'!$F$3:$F$37,'CLASSES DE PROJETOS'!$C$3:$C$37) -> GE | I9: =_xlfn.TEXTJOIN("/",TRUE,"MSV-163MS-"&LD_01[[#This Row],[OBRA]],_xlfn.XLOOKUP(LD_01[[#This Row],[SIGLA]],'CLASSES DE PROJETOS'!$C$3:$C$37,'CLASSES DE PROJETOS'!$E$3:$E$37)) -> MSV-163MS-452-454/18.GE | J9: {=_xlfn.TEXTJOIN(",",TRUE,_xlfn._xlws.FILTER(ARQUIVOS[ARQUIVO],(ARQUIVOS[DOCUMENTO]=LD_01[[#This Row],[DOCUMENTO]])*(ARQUIVOS[REVISÃO]=LD_01[[#This Row],[REVISÃO]])*(ARQUIVOS[EXTENSÃO]="pdf")))} -> MSV-163MS-452-454-ACA-EXE-DE-F1-001-R07.pdf | K9: {=_xlfn.TEXTJOIN(", ",TRUE,_xlfn.UNIQUE(_xlfn._xlws.FILTER(ARQUIVOS_RECEBIDOS!$F$2:$F$5010,ARQUIVOS_RECEBIDOS!$E$2:$E$5010=LD_01[[#This Row],[DOCUMENTO]])))} -> R07 | L9: {=_xlfn.TEXTJOIN(",",TRUE,_xlfn._xlws.FILTER(ARQUIVOS[EXTENSÃO],(ARQUIVOS[DOCUMENTO]=LD_01[[#This Row],[DOCUMENTO]])*(ARQUIVOS[REVISÃO]=LD_01[[#This Row],[REVISÃO]])))} -> dwg,pdf | M9: {=_xlfn.UNIQUE(_xlfn._xlws.FILTER(ARQUIVOS[DATA RECEBIMENTO],(ARQUIVOS[DOCUMENTO]=LD_01[[#This Row],[DOCUMENTO]])*(ARQUIVOS[REVISÃO]=LD_01[[#This Row],[REVISÃO]])))} -> 45838 | N9: ="https://aterpa.sharepoint.com//sites/A373_Projetos/Documentos Compartilhados/11.Sala Tecnica/01.PROJETOS/ANO "&TEXT(LD_01[[#This Row],[ANO]],"00") -> https://aterpa.sharepoint.com//sites/A373_Projetos/Documentos Compartilhados/11.Sala Tecnica/01.PROJETOS/ANO 01 | O9: =_xlfn.TEXTJOIN("/",TRUE,LD_01[[#This Row],[RAIZ SHAREPOINT]],LD_01[[#This Row],[PASTA]],LD_01[[#This Row],[ARQUIVO]]) -> https://aterpa.sharepoint.com//sites/A373_Projetos/Documentos Compartilhados/11.Sala Tecnica/01.PROJETOS/ANO 01/MSV-163MS-452-454/18.GE/MSV-163MS-452-454-ACA-EXE-DE-F1-001-R07.pdf | P9: =LD_01[[#This Row],[PASTA]]&"/"&LD_01[[#This Row],[ARQUIVO]] -> MSV-163MS-452-454/18.GE/MSV-163MS-452-454-ACA-EXE-DE-F1-001-R07.pdf
A10: MSV-163MS-452-454-ACA-EXE-DE-F1-002 | B10: =VLOOKUP(LD_01[[#This Row],[DOCUMENTO]],_xlfn.SORTBY(ARQUIVOS_RECEBIDOS!$E$2:$F$5010,ARQUIVOS_RECEBIDOS!$F$2:$F$5010,-1),2,) -> R05 | C10: 01 | D10: PRINCIPAL | E10: 452-454 | F10: PROJETO EXECUTIVO DE GEOMETRIA - PLANTA E PERFIL LONGITUDINAL | G10: GEOMÉTRICO | H10: =_xlfn.XLOOKUP(LD_01[[#This Row],[DISCIPLINA]],'CLASSES DE PROJETOS'!$F$3:$F$37,'CLASSES DE PROJETOS'!$C$3:$C$37) -> GE | I10: =_xlfn.TEXTJOIN("/",TRUE,"MSV-163MS-"&LD_01[[#This Row],[OBRA]],_xlfn.XLOOKUP(LD_01[[#This Row],[SIGLA]],'CLASSES DE PROJETOS'!$C$3:$C$37,'CLASSES DE PROJETOS'!$E$3:$E$37)) -> MSV-163MS-452-454/18.GE | J10: {=_xlfn.TEXTJOIN(",",TRUE,_xlfn._xlws.FILTER(ARQUIVOS[ARQUIVO],(ARQUIVOS[DOCUMENTO]=LD_01[[#This Row],[DOCUMENTO]])*(ARQUIVOS[REVISÃO]=LD_01[[#This Row],[REVISÃO]])*(ARQUIVOS[EXTENSÃO]="pdf")))} -> MSV-163MS-452-454-ACA-EXE-DE-F1-002-R05.pdf | K10: {=_xlfn.TEXTJOIN(", ",TRUE,_xlfn.UNIQUE(_xlfn._xlws.FILTER(ARQUIVOS_RECEBIDOS!$F$2:$F$5010,ARQUIVOS_RECEBIDOS!$E$2:$E$5010=LD_01[[#This Row],[DOCUMENTO]])))} -> R05 | L10: {=_xlfn.TEXTJOIN(",",TRUE,_xlfn._xlws.FILTER(ARQUIVOS[EXTENSÃO],(ARQUIVOS[DOCUMENTO]=LD_01[[#This Row],[DOCUMENTO]])*(ARQUIVOS[REVISÃO]=LD_01[[#This Row],[REVISÃO]])))} -> dwg,pdf | M10: {=_xlfn.UNIQUE(_xlfn._xlws.FILTER(ARQUIVOS[DATA RECEBIMENTO],(ARQUIVOS[DOCUMENTO]=LD_01[[#This Row],[DOCUMENTO]])*(ARQUIVOS[REVISÃO]=LD_01[[#This Row],[REVISÃO]])))} -> 45838 | N10: ="https://aterpa.sharepoint.com//sites/A373_Projetos/Documentos Compartilhados/11.Sala Tecnica/01.PROJETOS/ANO "&TEXT(LD_01[[#This Row],[ANO]],"00") -> https://aterpa.sharepoint.com//sites/A373_Projetos/Documentos Compartilhados/11.Sala Tecnica/01.PROJETOS/ANO 01 | O10: =_xlfn.TEXTJOIN("/",TRUE,LD_01[[#This Row],[RAIZ SHAREPOINT]],LD_01[[#This Row],[PASTA]],LD_01[[#This Row],[ARQUIVO]]) -> https://aterpa.sharepoint.com//sites/A373_Projetos/Documentos Compartilhados/11.Sala Tecnica/01.PROJETOS/ANO 01/MSV-163MS-452-454/18.GE/MSV-163MS-452-454-ACA-EXE-DE-F1-002-R05.pdf | P10: =LD_01[[#This Row],[PASTA]]&"/"&LD_01[[#This Row],[ARQUIVO]] -> MSV-163MS-452-454/18.GE/MSV-163MS-452-454-ACA-EXE-DE-F1-002-R05.pdf
A11: MSV-163MS-452-454-ACA-EXE-DE-F1-003 | B11: =VLOOKUP(LD_01[[#This Row],[DOCUMENTO]],_xlfn.SORTBY(ARQUIVOS_RECEBIDOS!$E$2:$F$5010,ARQUIVOS_RECEBIDOS!$F$2:$F$5010,-1),2,) -> R04 | C11: 01 | D11: PRINCIPAL | E11: 452-454 | F11: PROJETO EXECUTIVO DE GEOMETRIA - PLANTA E PERFIL LONGITUDINAL | G11: GEOMÉTRICO | H11: =_xlfn.XLOOKUP(LD_01[[#This Row],[DISCIPLINA]],'CLASSES DE PROJETOS'!$F$3:$F$37,'CLASSES DE PROJETOS'!$C$3:$C$37) -> GE | I11: =_xlfn.TEXTJOIN("/",TRUE,"MSV-163MS-"&LD_01[[#This Row],[OBRA]],_xlfn.XLOOKUP(LD_01[[#This Row],[SIGLA]],'CLASSES DE PROJETOS'!$C$3:$C$37,'CLASSES DE PROJETOS'!$E$3:$E$37)) -> MSV-163MS-452-454/18.GE | J11: {=_xlfn.TEXTJOIN(",",TRUE,_xlfn._xlws.FILTER(ARQUIVOS[ARQUIVO],(ARQUIVOS[DOCUMENTO]=LD_01[[#This Row],[DOCUMENTO]])*(ARQUIVOS[REVISÃO]=LD_01[[#This Row],[REVISÃO]])*(ARQUIVOS[EXTENSÃO]="pdf")))} -> MSV-163MS-452-454-ACA-EXE-DE-F1-003-R04.pdf | K11: {=_xlfn.TEXTJOIN(", ",TRUE,_xlfn.UNIQUE(_xlfn._xlws.FILTER(ARQUIVOS_RECEBIDOS!$F$2:$F$5010,ARQUIVOS_RECEBIDOS!$E$2:$E$5010=LD_01[[#This Row],[DOCUMENTO]])))} -> R04 | L11: {=_xlfn.TEXTJOIN(",",TRUE,_xlfn._xlws.FILTER(ARQUIVOS[EXTENSÃO],(ARQUIVOS[DOCUMENTO]=LD_01[[#This Row],[DOCUMENTO]])*(ARQUIVOS[REVISÃO]=LD_01[[#This Row],[REVISÃO]])))} -> dwg,pdf | M11: {=_xlfn.UNIQUE(_xlfn._xlws.FILTER(ARQUIVOS[DATA RECEBIMENTO],(ARQUIVOS[DOCUMENTO]=LD_01[[#This Row],[DOCUMENTO]])*(ARQUIVOS[REVISÃO]=LD_01[[#This Row],[REVISÃO]])))} -> 45838 | N11: ="https://aterpa.sharepoint.com//sites/A373_Projetos/Documentos Compartilhados/11.Sala Tecnica/01.PROJETOS/ANO "&TEXT(LD_01[[#This Row],[ANO]],"00") -> https://aterpa.sharepoint.com//sites/A373_Projetos/Documentos Compartilhados/11.Sala Tecnica/01.PROJETOS/ANO 01 | O11: =_xlfn.TEXTJOIN("/",TRUE,LD_01[[#This Row],[RAIZ SHAREPOINT]],LD_01[[#This Row],[PASTA]],LD_01[[#This Row],[ARQUIVO]]) -> https://aterpa.sharepoint.com//sites/A373_Projetos/Documentos Compartilhados/11.Sala Tecnica/01.PROJETOS/ANO 01/MSV-163MS-452-454/18.GE/MSV-163MS-452-454-ACA-EXE-DE-F1-003-R04.pdf | P11: =LD_01[[#This Row],[PASTA]]&"/"&LD_01[[#This Row],[ARQUIVO]] -> MSV-163MS-452-454/18.GE/MSV-163MS-452-454-ACA-EXE-DE-F1-003-R04.pdf
A12: MSV-163MS-452-454-ACA-EXE-DE-F1-004 | B12: =VLOOKUP(LD_01[[#This Row],[DOCUMENTO]],_xlfn.SORTBY(ARQUIVOS_RECEBIDOS!$E$2:$F$5010,ARQUIVOS_RECEBIDOS!$F$2:$F$5010,-1),2,) -> R03 | C12: 01 | D12: PRINCIPAL | E12: 452-454 | F12: PROJETO EXECUTIVO DE GEOMETRIA - SEÇÕES TIPO | G12: GEOMÉTRICO | H12: =_xlfn.XLOOKUP(LD_01[[#This Row],[DISCIPLINA]],'CLASSES DE PROJETOS'!$F$3:$F$37,'CLASSES DE PROJETOS'!$C$3:$C$37) -> GE | I12: =_xlfn.TEXTJOIN("/",TRUE,"MSV-163MS-"&LD_01[[#This Row],[OBRA]],_xlfn.XLOOKUP(LD_01[[#This Row],[SIGLA]],'CLASSES DE PROJETOS'!$C$3:$C$37,'CLASSES DE PROJETOS'!$E$3:$E$37)) -> MSV-163MS-452-454/18.GE | J12: {=_xlfn.TEXTJOIN(",",TRUE,_xlfn._xlws.FILTER(ARQUIVOS[ARQUIVO],(ARQUIVOS[DOCUMENTO]=LD_01[[#This Row],[DOCUMENTO]])*(ARQUIVOS[REVISÃO]=LD_01[[#This Row],[REVISÃO]])*(ARQUIVOS[EXTENSÃO]="pdf")))} -> MSV-163MS-452-454-ACA-EXE-DE-F1-004-R03.pdf | K12: {=_xlfn.TEXTJOIN(", ",TRUE,_xlfn.UNIQUE(_xlfn._xlws.FILTER(ARQUIVOS_RECEBIDOS!$F$2:$F$5010,ARQUIVOS_RECEBIDOS!$E$2:$E$5010=LD_01[[#This Row],[DOCUMENTO]])))} -> R03 | L12: {=_xlfn.TEXTJOIN(",",TRUE,_xlfn._xlws.FILTER(ARQUIVOS[EXTENSÃO],(ARQUIVOS[DOCUMENTO]=LD_01[[#This Row],[DOCUMENTO]])*(ARQUIVOS[REVISÃO]=LD_01[[#This Row],[REVISÃO]])))} -> dwg,pdf | M12: {=_xlfn.UNIQUE(_xlfn._xlws.FILTER(ARQUIVOS[DATA RECEBIMENTO],(ARQUIVOS[DOCUMENTO]=LD_01[[#This Row],[DOCUMENTO]])*(ARQUIVOS[REVISÃO]=LD_01[[#This Row],[REVISÃO]])))} -> 45838 | N12: ="https://aterpa.sharepoint.com//sites/A373_Projetos/Documentos Compartilhados/11.Sala Tecnica/01.PROJETOS/ANO "&TEXT(LD_01[[#This Row],[ANO]],"00") -> https://aterpa.sharepoint.com//sites/A373_Projetos/Documentos Compartilhados/11.Sala Tecnica/01.PROJETOS/ANO 01 | O12: =_xlfn.TEXTJOIN("/",TRUE,LD_01[[#This Row],[RAIZ SHAREPOINT]],LD_01[[#This Row],[PASTA]],LD_01[[#This Row],[ARQUIVO]]) -> https://aterpa.sharepoint.com//sites/A373_Projetos/Documentos Compartilhados/11.Sala Tecnica/01.PROJETOS/ANO 01/MSV-163MS-452-454/18.GE/MSV-163MS-452-454-ACA-EXE-DE-F1-004-R03.pdf | P12: =LD_01[[#This Row],[PASTA]]&"/"&LD_01[[#This Row],[ARQUIVO]] -> MSV-163MS-452-454/18.GE/MSV-163MS-452-454-ACA-EXE-DE-F1-004-R03.pdf
A13: MSV-163MS-452-454-ACA-EXE-DE-G1-001 | B13: =VLOOKUP(LD_01[[#This Row],[DOCUMENTO]],_xlfn.SORTBY(ARQUIVOS_RECEBIDOS!$E$2:$F$5010,ARQUIVOS_RECEBIDOS!$F$2:$F$5010,-1),2,) -> R04 | C13: 01 | D13: PRINCIPAL | E13: 452-454 | F13: PROJETO DE TERRAPLENAGEM - PLANTA DE DISTRIBUIÇÃO | G13: TERRAPLENAGEM | H13: =_xlfn.XLOOKUP(LD_01[[#This Row],[DISCIPLINA]],'CLASSES DE PROJETOS'!$F$3:$F$37,'CLASSES DE PROJETOS'!$C$3:$C$37) -> TE | I13: =_xlfn.TEXTJOIN("/",TRUE,"MSV-163MS-"&LD_01[[#This Row],[OBRA]],_xlfn.XLOOKUP(LD_01[[#This Row],[SIGLA]],'CLASSES DE PROJETOS'!$C$3:$C$37,'CLASSES DE PROJETOS'!$E$3:$E$37)) -> MSV-163MS-452-454/32.TE | J13: {=_xlfn.TEXTJOIN(",",TRUE,_xlfn._xlws.FILTER(ARQUIVOS[ARQUIVO],(ARQUIVOS[DOCUMENTO]=LD_01[[#This Row],[DOCUMENTO]])*(ARQUIVOS[REVISÃO]=LD_01[[#This Row],[REVISÃO]])*(ARQUIVOS[EXTENSÃO]="pdf")))} -> MSV-163MS-452-454-ACA-EXE-DE-G1-001-R04.pdf | K13: {=_xlfn.TEXTJOIN(", ",TRUE,_xlfn.UNIQUE(_xlfn._xlws.FILTER(ARQUIVOS_RECEBIDOS!$F$2:$F$5010,ARQUIVOS_RECEBIDOS!$E$2:$E$5010=LD_01[[#This Row],[DOCUMENTO]])))} -> R04 | L13: {=_xlfn.TEXTJOIN(",",TRUE,_xlfn._xlws.FILTER(ARQUIVOS[EXTENSÃO],(ARQUIVOS[DOCUMENTO]=LD_01[[#This Row],[DOCUMENTO]])*(ARQUIVOS[REVISÃO]=LD_01[[#This Row],[REVISÃO]])))} -> dwg,pdf | M13: {=_xlfn.UNIQUE(_xlfn._xlws.FILTER(ARQUIVOS[DATA RECEBIMENTO],(ARQUIVOS[DOCUMENTO]=LD_01[[#This Row],[DOCUMENTO]])*(ARQUIVOS[REVISÃO]=LD_01[[#This Row],[REVISÃO]])))} -> 45838 | N13: ="https://aterpa.sharepoint.com//sites/A373_Projetos/Documentos Compartilhados/11.Sala Tecnica/01.PROJETOS/ANO "&TEXT(LD_01[[#This Row],[ANO]],"00") -> https://aterpa.sharepoint.com//sites/A373_Projetos/Documentos Compartilhados/11.Sala Tecnica/01.PROJETOS/ANO 01 | O13: =_xlfn.TEXTJOIN("/",TRUE,LD_01[[#This Row],[RAIZ SHAREPOINT]],LD_01[[#This Row],[PASTA]],LD_01[[#This Row],[ARQUIVO]]) -> https://aterpa.sharepoint.com//sites/A373_Projetos/Documentos Compartilhados/11.Sala Tecnica/01.PROJETOS/ANO 01/MSV-163MS-452-454/32.TE/MSV-163MS-452-454-ACA-EXE-DE-G1-001-R04.pdf | P13: =LD_01[[#This Row],[PASTA]]&"/"&LD_01[[#This Row],[ARQUIVO]] -> MSV-163MS-452-454/32.TE/MSV-163MS-452-454-ACA-EXE-DE-G1-001-R04.pdf
A14: MSV-163MS-452-454-ACA-EXE-DE-G1-002 | B14: =VLOOKUP(LD_01[[#This Row],[DOCUMENTO]],_xlfn.SORTBY(ARQUIVOS_RECEBIDOS!$E$2:$F$5010,ARQUIVOS_RECEBIDOS!$F$2:$F$5010,-1),2,) -> R04 | C14: 01 | D14: PRINCIPAL | E14: 452-454 | F14: PROJETO DE TERRAPLENAGEM - PLANTA DE DISTRIBUIÇÃO | G14: TERRAPLENAGEM | H14: =_xlfn.XLOOKUP(LD_01[[#This Row],[DISCIPLINA]],'CLASSES DE PROJETOS'!$F$3:$F$37,'CLASSES DE PROJETOS'!$C$3:$C$37) -> TE | I14: =_xlfn.TEXTJOIN("/",TRUE,"MSV-163MS-"&LD_01[[#This Row],[OBRA]],_xlfn.XLOOKUP(LD_01[[#This Row],[SIGLA]],'CLASSES DE PROJETOS'!$C$3:$C$37,'CLASSES DE PROJETOS'!$E$3:$E$37)) -> MSV-163MS-452-454/32.TE | J14: {=_xlfn.TEXTJOIN(",",TRUE,_xlfn._xlws.FILTER(ARQUIVOS[ARQUIVO],(ARQUIVOS[DOCUMENTO]=LD_01[[#This Row],[DOCUMENTO]])*(ARQUIVOS[REVISÃO]=LD_01[[#This Row],[REVISÃO]])*(ARQUIVOS[EXTENSÃO]="pdf")))} -> MSV-163MS-452-454-ACA-EXE-DE-G1-002-R04.pdf | K14: {=_xlfn.TEXTJOIN(", ",TRUE,_xlfn.UNIQUE(_xlfn._xlws.FILTER(ARQUIVOS_RECEBIDOS!$F$2:$F$5010,ARQUIVOS_RECEBIDOS!$E$2:$E$5010=LD_01[[#This Row],[DOCUMENTO]])))} -> R04 | L14: {=_xlfn.TEXTJOIN(",",TRUE,_xlfn._xlws.FILTER(ARQUIVOS[EXTENSÃO],(ARQUIVOS[DOCUMENTO]=LD_01[[#This Row],[DOCUMENTO]])*(ARQUIVOS[REVISÃO]=LD_01[[#This Row],[REVISÃO]])))} -> dwg,pdf | M14: {=_xlfn.UNIQUE(_xlfn._xlws.FILTER(ARQUIVOS[DATA RECEBIMENTO],(ARQUIVOS[DOCUMENTO]=LD_01[[#This Row],[DOCUMENTO]])*(ARQUIVOS[REVISÃO]=LD_01[[#This Row],[REVISÃO]])))} -> 45838 | N14: ="https://aterpa.sharepoint.com//sites/A373_Projetos/Documentos Compartilhados/11.Sala Tecnica/01.PROJETOS/ANO "&TEXT(LD_01[[#This Row],[ANO]],"00") -> https://aterpa.sharepoint.com//sites/A373_Projetos/Documentos Compartilhados/11.Sala Tecnica/01.PROJETOS/ANO 01 | O14: =_xlfn.TEXTJOIN("/",TRUE,LD_01[[#This Row],[RAIZ SHAREPOINT]],LD_01[[#This Row],[PASTA]],LD_01[[#This Row],[ARQUIVO]]) -> https://aterpa.sharepoint.com//sites/A373_Projetos/Documentos Compartilhados/11.Sala Tecnica/01.PROJETOS/ANO 01/MSV-163MS-452-454/32.TE/MSV-163MS-452-454-ACA-EXE-DE-G1-002-R04.pdf | P14: =LD_01[[#This Row],[PASTA]]&"/"&LD_01[[#This Row],[ARQUIVO]] -> MSV-163MS-452-454/32.TE/MSV-163MS-452-454-ACA-EXE-DE-G1-002-R04.pdf
A15: MSV-163MS-452-454-ACA-EXE-DE-G1-003 | B15: =VLOOKUP(LD_01[[#This Row],[DOCUMENTO]],_xlfn.SORTBY(ARQUIVOS_RECEBIDOS!$E$2:$F$5010,ARQUIVOS_RECEBIDOS!$F$2:$F$5010,-1),2,) -> R04 | C15: 01 | D15: PRINCIPAL | E15: 452-454 | F15: PROJETO DE TERRAPLENAGEM - PLANTA DE DISTRIBUIÇÃO | G15: TERRAPLENAGEM | H15: =_xlfn.XLOOKUP(LD_01[[#This Row],[DISCIPLINA]],'CLASSES DE PROJETOS'!$F$3:$F$37,'CLASSES DE PROJETOS'!$C$3:$C$37) -> TE | I15: =_xlfn.TEXTJOIN("/",TRUE,"MSV-163MS-"&LD_01[[#This Row],[OBRA]],_xlfn.XLOOKUP(LD_01[[#This Row],[SIGLA]],'CLASSES DE PROJETOS'!$C$3:$C$37,'CLASSES DE PROJETOS'!$E$3:$E$37)) -> MSV-163MS-452-454/32.TE | J15: {=_xlfn.TEXTJOIN(",",TRUE,_xlfn._xlws.FILTER(ARQUIVOS[ARQUIVO],(ARQUIVOS[DOCUMENTO]=LD_01[[#This Row],[DOCUMENTO]])*(ARQUIVOS[REVISÃO]=LD_01[[#This Row],[REVISÃO]])*(ARQUIVOS[EXTENSÃO]="pdf")))} -> MSV-163MS-452-454-ACA-EXE-DE-G1-003-R04.pdf | K15: {=_xlfn.TEXTJOIN(", ",TRUE,_xlfn.UNIQUE(_xlfn._xlws.FILTER(ARQUIVOS_RECEBIDOS!$F$2:$F$5010,ARQUIVOS_RECEBIDOS!$E$2:$E$5010=LD_01[[#This Row],[DOCUMENTO]])))} -> R04 | L15: {=_xlfn.TEXTJOIN(",",TRUE,_xlfn._xlws.FILTER(ARQUIVOS[EXTENSÃO],(ARQUIVOS[DOCUMENTO]=LD_01[[#This Row],[DOCUMENTO]])*(ARQUIVOS[REVISÃO]=LD_01[[#This Row],[REVISÃO]])))} -> dwg,pdf | M15: {=_xlfn.UNIQUE(_xlfn._xlws.FILTER(ARQUIVOS[DATA RECEBIMENTO],(ARQUIVOS[DOCUMENTO]=LD_01[[#This Row],[DOCUMENTO]])*(ARQUIVOS[REVISÃO]=LD_01[[#This Row],[REVISÃO]])))} -> 45838 | N15: ="https://aterpa.sharepoint.com//sites/A373_Projetos/Documentos Compartilhados/11.Sala Tecnica/01.PROJETOS/ANO "&TEXT(LD_01[[#This Row],[ANO]],"00") -> https://aterpa.sharepoint.com//sites/A373_Projetos/Documentos Compartilhados/11.Sala Tecnica/01.PROJETOS/ANO 01 | O15: =_xlfn.TEXTJOIN("/",TRUE,LD_01[[#This Row],[RAIZ SHAREPOINT]],LD_01[[#This Row],[PASTA]],LD_01[[#This Row],[ARQUIVO]]) -> https://aterpa.sharepoint.com//sites/A373_Projetos/Documentos Compartilhados/11.Sala Tecnica/01.PROJETOS/ANO 01/MSV-163MS-452-454/32.TE/MSV-163MS-452-454-ACA-EXE-DE-G1-003-R04.pdf | P15: =LD_01[[#This Row],[PASTA]]&"/"&LD_01[[#This Row],[ARQUIVO]] -> MSV-163MS-452-454/32.TE/MSV-163MS-452-454-ACA-EXE-DE-G1-003-R04.pdf
... A1720: MSV-163MS-373-385-ACA-EXE-DE-H2-115 | B1720: =VLOOKUP(LD_01[[#This Row],[DOCUMENTO]],_xlfn.SORTBY(ARQUIVOS_RECEBIDOS!$E$2:$F$5010,ARQUIVOS_RECEBIDOS!$F$2:$F$5010,-1),2,) -> R00.1 | C1720: 02 | D1720: PRINCIPAL | E1720: 373-385 | F1720: PISTA PRINCIPAL - PROJETO DE DRENAGEM E OAC - PROJETO TIPO GRELHA PARA DR-5A | G1720: DRENAGEM | H1720: =_xlfn.XLOOKUP(LD_01[[#This Row],[DISCIPLINA]],'CLASSES DE PROJETOS'!$F$3:$F$37,'CLASSES DE PROJETOS'!$C$3:$C$37) -> DR | I1720: =_xlfn.TEXTJOIN("/",TRUE,"MSV-163MS-"&LD_01[[#This Row],[OBRA]],_xlfn.XLOOKUP(LD_01[[#This Row],[SIGLA]],'CLASSES DE PROJETOS'!$C$3:$C$37,'CLASSES DE PROJETOS'!$E$3:$E$37)) -> MSV-163MS-373-385/10.DR | J1720: {=_xlfn.TEXTJOIN(",",TRUE,_xlfn._xlws.FILTER(ARQUIVOS[ARQUIVO],(ARQUIVOS[DOCUMENTO]=LD_01[[#This Row],[DOCUMENTO]])*(ARQUIVOS[REVISÃO]=LD_01[[#This Row],[REVISÃO]])*(ARQUIVOS[EXTENSÃO]="pdf")))} -> MSV-163MS-373-385-ACA-EXE-DE-H2-115-R00.1.pdf | K1720: {=_xlfn.TEXTJOIN(", ",TRUE,_xlfn.UNIQUE(_xlfn._xlws.FILTER(ARQUIVOS_RECEBIDOS!$F$2:$F$5010,ARQUIVOS_RECEBIDOS!$E$2:$E$5010=LD_01[[#This Row],[DOCUMENTO]])))} -> R00.1 | L1720: {=_xlfn.TEXTJOIN(",",TRUE,_xlfn._xlws.FILTER(ARQUIVOS[EXTENSÃO],(ARQUIVOS[DOCUMENTO]=LD_01[[#This Row],[DOCUMENTO]])*(ARQUIVOS[REVISÃO]=LD_01[[#This Row],[REVISÃO]])))} -> dwg,pdf | M1720: {=_xlfn.UNIQUE(_xlfn._xlws.FILTER(ARQUIVOS[DATA RECEBIMENTO],(ARQUIVOS[DOCUMENTO]=LD_01[[#This Row],[DOCUMENTO]])*(ARQUIVOS[REVISÃO]=LD_01[[#This Row],[REVISÃO]])))} -> 46041 | N1720: ="https://aterpa.sharepoint.com//sites/A373_Projetos/Documentos Compartilhados/11.Sala Tecnica/01.PROJETOS/ANO "&TEXT(LD_01[[#This Row],[ANO]],"00") -> https://aterpa.sharepoint.com//sites/A373_Projetos/Documentos Compartilhados/11.Sala Tecnica/01.PROJETOS/ANO 02 | O1720: =_xlfn.TEXTJOIN("/",TRUE,LD_01[[#This Row],[RAIZ SHAREPOINT]],LD_01[[#This Row],[PASTA]],LD_01[[#This Row],[ARQUIVO]]) -> https://aterpa.sharepoint.com//sites/A373_Projetos/Documentos Compartilhados/11.Sala Tecnica/01.PROJETOS/ANO 02/MSV-163MS-373-385/10.DR/MSV-163MS-373-385-ACA-EXE-DE-H2-115-R00.1.pdf | P1720: =LD_01[[#This Row],[PASTA]]&"/"&LD_01[[#This Row],[ARQUIVO]] -> MSV-163MS-373-385/10.DR/MSV-163MS-373-385-ACA-EXE-DE-H2-115-R00.1.pdf
A1721: MSV-163MS-373-385-ACA-EXE-DE-H2-116 | B1721: =VLOOKUP(LD_01[[#This Row],[DOCUMENTO]],_xlfn.SORTBY(ARQUIVOS_RECEBIDOS!$E$2:$F$5010,ARQUIVOS_RECEBIDOS!$F$2:$F$5010,-1),2,) -> R00.1 | C1721: 02 | D1721: PRINCIPAL | E1721: 373-385 | G1721: DRENAGEM | H1721: =_xlfn.XLOOKUP(LD_01[[#This Row],[DISCIPLINA]],'CLASSES DE PROJETOS'!$F$3:$F$37,'CLASSES DE PROJETOS'!$C$3:$C$37) -> DR | I1721: =_xlfn.TEXTJOIN("/",TRUE,"MSV-163MS-"&LD_01[[#This Row],[OBRA]],_xlfn.XLOOKUP(LD_01[[#This Row],[SIGLA]],'CLASSES DE PROJETOS'!$C$3:$C$37,'CLASSES DE PROJETOS'!$E$3:$E$37)) -> MSV-163MS-373-385/10.DR | J1721: {=_xlfn.TEXTJOIN(",",TRUE,_xlfn._xlws.FILTER(ARQUIVOS[ARQUIVO],(ARQUIVOS[DOCUMENTO]=LD_01[[#This Row],[DOCUMENTO]])*(ARQUIVOS[REVISÃO]=LD_01[[#This Row],[REVISÃO]])*(ARQUIVOS[EXTENSÃO]="pdf")))} -> MSV-163MS-373-385-ACA-EXE-DE-H2-116-R00.1.pdf | K1721: {=_xlfn.TEXTJOIN(", ",TRUE,_xlfn.UNIQUE(_xlfn._xlws.FILTER(ARQUIVOS_RECEBIDOS!$F$2:$F$5010,ARQUIVOS_RECEBIDOS!$E$2:$E$5010=LD_01[[#This Row],[DOCUMENTO]])))} -> R00.1 | L1721: {=_xlfn.TEXTJOIN(",",TRUE,_xlfn._xlws.FILTER(ARQUIVOS[EXTENSÃO],(ARQUIVOS[DOCUMENTO]=LD_01[[#This Row],[DOCUMENTO]])*(ARQUIVOS[REVISÃO]=LD_01[[#This Row],[REVISÃO]])))} -> dwg,pdf | M1721: {=_xlfn.UNIQUE(_xlfn._xlws.FILTER(ARQUIVOS[DATA RECEBIMENTO],(ARQUIVOS[DOCUMENTO]=LD_01[[#This Row],[DOCUMENTO]])*(ARQUIVOS[REVISÃO]=LD_01[[#This Row],[REVISÃO]])))} -> 46041 | N1721: ="https://aterpa.sharepoint.com//sites/A373_Projetos/Documentos Compartilhados/11.Sala Tecnica/01.PROJETOS/ANO "&TEXT(LD_01[[#This Row],[ANO]],"00") -> https://aterpa.sharepoint.com//sites/A373_Projetos/Documentos Compartilhados/11.Sala Tecnica/01.PROJETOS/ANO 02 | O1721: =_xlfn.TEXTJOIN("/",TRUE,LD_01[[#This Row],[RAIZ SHAREPOINT]],LD_01[[#This Row],[PASTA]],LD_01[[#This Row],[ARQUIVO]]) -> https://aterpa.sharepoint.com//sites/A373_Projetos/Documentos Compartilhados/11.Sala Tecnica/01.PROJETOS/ANO 02/MSV-163MS-373-385/10.DR/MSV-163MS-373-385-ACA-EXE-DE-H2-116-R00.1.pdf | P1721: =LD_01[[#This Row],[PASTA]]&"/"&LD_01[[#This Row],[ARQUIVO]] -> MSV-163MS-373-385/10.DR/MSV-163MS-373-385-ACA-EXE-DE-H2-116-R00.1.pdf
A1722: MSV-163MS-373-385-ACA-EXE-DE-H2-201 | B1722: =VLOOKUP(LD_01[[#This Row],[DOCUMENTO]],_xlfn.SORTBY(ARQUIVOS_RECEBIDOS!$E$2:$F$5010,ARQUIVOS_RECEBIDOS!$F$2:$F$5010,-1),2,) -> R00.2 | C1722: 02 | D1722: PRINCIPAL | E1722: 373-385 | F1722: PISTA PRINCIPAL - PROJETO DE DRENAGEM E OAC - PLANTA E PERFIL DO CANAL | G1722: DRENAGEM | H1722: =_xlfn.XLOOKUP(LD_01[[#This Row],[DISCIPLINA]],'CLASSES DE PROJETOS'!$F$3:$F$37,'CLASSES DE PROJETOS'!$C$3:$C$37) -> DR | I1722: =_xlfn.TEXTJOIN("/",TRUE,"MSV-163MS-"&LD_01[[#This Row],[OBRA]],_xlfn.XLOOKUP(LD_01[[#This Row],[SIGLA]],'CLASSES DE PROJETOS'!$C$3:$C$37,'CLASSES DE PROJETOS'!$E$3:$E$37)) -> MSV-163MS-373-385/10.DR | J1722: {=_xlfn.TEXTJOIN(",",TRUE,_xlfn._xlws.FILTER(ARQUIVOS[ARQUIVO],(ARQUIVOS[DOCUMENTO]=LD_01[[#This Row],[DOCUMENTO]])*(ARQUIVOS[REVISÃO]=LD_01[[#This Row],[REVISÃO]])*(ARQUIVOS[EXTENSÃO]="pdf")))} -> MSV-163MS-373-385-ACA-EXE-DE-H2-201-R00.2.pdf | K1722: {=_xlfn.TEXTJOIN(", ",TRUE,_xlfn.UNIQUE(_xlfn._xlws.FILTER(ARQUIVOS_RECEBIDOS!$F$2:$F$5010,ARQUIVOS_RECEBIDOS!$E$2:$E$5010=LD_01[[#This Row],[DOCUMENTO]])))} -> R00.2 | L1722: {=_xlfn.TEXTJOIN(",",TRUE,_xlfn._xlws.FILTER(ARQUIVOS[EXTENSÃO],(ARQUIVOS[DOCUMENTO]=LD_01[[#This Row],[DOCUMENTO]])*(ARQUIVOS[REVISÃO]=LD_01[[#This Row],[REVISÃO]])))} -> dwg,pdf | M1722: {=_xlfn.UNIQUE(_xlfn._xlws.FILTER(ARQUIVOS[DATA RECEBIMENTO],(ARQUIVOS[DOCUMENTO]=LD_01[[#This Row],[DOCUMENTO]])*(ARQUIVOS[REVISÃO]=LD_01[[#This Row],[REVISÃO]])))} -> 46041 | N1722: ="https://aterpa.sharepoint.com//sites/A373_Projetos/Documentos Compartilhados/11.Sala Tecnica/01.PROJETOS/ANO "&TEXT(LD_01[[#This Row],[ANO]],"00") -> https://aterpa.sharepoint.com//sites/A373_Projetos/Documentos Compartilhados/11.Sala Tecnica/01.PROJETOS/ANO 02 | O1722: =_xlfn.TEXTJOIN("/",TRUE,LD_01[[#This Row],[RAIZ SHAREPOINT]],LD_01[[#This Row],[PASTA]],LD_01[[#This Row],[ARQUIVO]]) -> https://aterpa.sharepoint.com//sites/A373_Projetos/Documentos Compartilhados/11.Sala Tecnica/01.PROJETOS/ANO 02/MSV-163MS-373-385/10.DR/MSV-163MS-373-385-ACA-EXE-DE-H2-201-R00.2.pdf | P1722: =LD_01[[#This Row],[PASTA]]&"/"&LD_01[[#This Row],[ARQUIVO]] -> MSV-163MS-373-385/10.DR/MSV-163MS-373-385-ACA-EXE-DE-H2-201-R00.2.pdf
A1723: MSV-163MS-373-385-ACA-EXE-DE-H2-202 | B1723: =VLOOKUP(LD_01[[#This Row],[DOCUMENTO]],_xlfn.SORTBY(ARQUIVOS_RECEBIDOS!$E$2:$F$5010,ARQUIVOS_RECEBIDOS!$F$2:$F$5010,-1),2,) -> R00.2 | C1723: 02 | D1723: PRINCIPAL | E1723: 373-385 | F1723: PISTA PRINCIPAL - PROJETO DE DRENAGEM E OAC - PERFIL DO CANAL | G1723: DRENAGEM | H1723: =_xlfn.XLOOKUP(LD_01[[#This Row],[DISCIPLINA]],'CLASSES DE PROJETOS'!$F$3:$F$37,'CLASSES DE PROJETOS'!$C$3:$C$37) -> DR | I1723: =_xlfn.TEXTJOIN("/",TRUE,"MSV-163MS-"&LD_01[[#This Row],[OBRA]],_xlfn.XLOOKUP(LD_01[[#This Row],[SIGLA]],'CLASSES DE PROJETOS'!$C$3:$C$37,'CLASSES DE PROJETOS'!$E$3:$E$37)) -> MSV-163MS-373-385/10.DR | J1723: {=_xlfn.TEXTJOIN(",",TRUE,_xlfn._xlws.FILTER(ARQUIVOS[ARQUIVO],(ARQUIVOS[DOCUMENTO]=LD_01[[#This Row],[DOCUMENTO]])*(ARQUIVOS[REVISÃO]=LD_01[[#This Row],[REVISÃO]])*(ARQUIVOS[EXTENSÃO]="pdf")))} -> MSV-163MS-373-385-ACA-EXE-DE-H2-202-R00.2.pdf | K1723: {=_xlfn.TEXTJOIN(", ",TRUE,_xlfn.UNIQUE(_xlfn._xlws.FILTER(ARQUIVOS_RECEBIDOS!$F$2:$F$5010,ARQUIVOS_RECEBIDOS!$E$2:$E$5010=LD_01[[#This Row],[DOCUMENTO]])))} -> R00.2 | L1723: {=_xlfn.TEXTJOIN(",",TRUE,_xlfn._xlws.FILTER(ARQUIVOS[EXTENSÃO],(ARQUIVOS[DOCUMENTO]=LD_01[[#This Row],[DOCUMENTO]])*(ARQUIVOS[REVISÃO]=LD_01[[#This Row],[REVISÃO]])))} -> dwg,pdf | M1723: {=_xlfn.UNIQUE(_xlfn._xlws.FILTER(ARQUIVOS[DATA RECEBIMENTO],(ARQUIVOS[DOCUMENTO]=LD_01[[#This Row],[DOCUMENTO]])*(ARQUIVOS[REVISÃO]=LD_01[[#This Row],[REVISÃO]])))} -> 46041 | N1723: ="https://aterpa.sharepoint.com//sites/A373_Projetos/Documentos Compartilhados/11.Sala Tecnica/01.PROJETOS/ANO "&TEXT(LD_01[[#This Row],[ANO]],"00") -> https://aterpa.sharepoint.com//sites/A373_Projetos/Documentos Compartilhados/11.Sala Tecnica/01.PROJETOS/ANO 02 | O1723: =_xlfn.TEXTJOIN("/",TRUE,LD_01[[#This Row],[RAIZ SHAREPOINT]],LD_01[[#This Row],[PASTA]],LD_01[[#This Row],[ARQUIVO]]) -> https://aterpa.sharepoint.com//sites/A373_Projetos/Documentos Compartilhados/11.Sala Tecnica/01.PROJETOS/ANO 02/MSV-163MS-373-385/10.DR/MSV-163MS-373-385-ACA-EXE-DE-H2-202-R00.2.pdf | P1723: =LD_01[[#This Row],[PASTA]]&"/"&LD_01[[#This Row],[ARQUIVO]] -> MSV-163MS-373-385/10.DR/MSV-163MS-373-385-ACA-EXE-DE-H2-202-R00.2.pdf
A1724: MSV-163MS-373-385-ACA-EXE-DE-H2-203 | B1724: =VLOOKUP(LD_01[[#This Row],[DOCUMENTO]],_xlfn.SORTBY(ARQUIVOS_RECEBIDOS!$E$2:$F$5010,ARQUIVOS_RECEBIDOS!$F$2:$F$5010,-1),2,) -> R00.2 | C1724: 02 | D1724: PRINCIPAL | E1724: 373-385 | F1724: PISTA PRINCIPAL - PROJETO DE DRENAGEM E OAC - SEÇÕES TRANSVERSAIS DO CANAL | G1724: DRENAGEM | H1724: =_xlfn.XLOOKUP(LD_01[[#This Row],[DISCIPLINA]],'CLASSES DE PROJETOS'!$F$3:$F$37,'CLASSES DE PROJETOS'!$C$3:$C$37) -> DR | I1724: =_xlfn.TEXTJOIN("/",TRUE,"MSV-163MS-"&LD_01[[#This Row],[OBRA]],_xlfn.XLOOKUP(LD_01[[#This Row],[SIGLA]],'CLASSES DE PROJETOS'!$C$3:$C$37,'CLASSES DE PROJETOS'!$E$3:$E$37)) -> MSV-163MS-373-385/10.DR | J1724: {=_xlfn.TEXTJOIN(",",TRUE,_xlfn._xlws.FILTER(ARQUIVOS[ARQUIVO],(ARQUIVOS[DOCUMENTO]=LD_01[[#This Row],[DOCUMENTO]])*(ARQUIVOS[REVISÃO]=LD_01[[#This Row],[REVISÃO]])*(ARQUIVOS[EXTENSÃO]="pdf")))} -> MSV-163MS-373-385-ACA-EXE-DE-H2-203-R00.2.pdf | K1724: {=_xlfn.TEXTJOIN(", ",TRUE,_xlfn.UNIQUE(_xlfn._xlws.FILTER(ARQUIVOS_RECEBIDOS!$F$2:$F$5010,ARQUIVOS_RECEBIDOS!$E$2:$E$5010=LD_01[[#This Row],[DOCUMENTO]])))} -> R00.2 | L1724: {=_xlfn.TEXTJOIN(",",TRUE,_xlfn._xlws.FILTER(ARQUIVOS[EXTENSÃO],(ARQUIVOS[DOCUMENTO]=LD_01[[#This Row],[DOCUMENTO]])*(ARQUIVOS[REVISÃO]=LD_01[[#This Row],[REVISÃO]])))} -> dwg,pdf | M1724: {=_xlfn.UNIQUE(_xlfn._xlws.FILTER(ARQUIVOS[DATA RECEBIMENTO],(ARQUIVOS[DOCUMENTO]=LD_01[[#This Row],[DOCUMENTO]])*(ARQUIVOS[REVISÃO]=LD_01[[#This Row],[REVISÃO]])))} -> 46041 | N1724: ="https://aterpa.sharepoint.com//sites/A373_Projetos/Documentos Compartilhados/11.Sala Tecnica/01.PROJETOS/ANO "&TEXT(LD_01[[#This Row],[ANO]],"00") -> https://aterpa.sharepoint.com//sites/A373_Projetos/Documentos Compartilhados/11.Sala Tecnica/01.PROJETOS/ANO 02 | O1724: =_xlfn.TEXTJOIN("/",TRUE,LD_01[[#This Row],[RAIZ SHAREPOINT]],LD_01[[#This Row],[PASTA]],LD_01[[#This Row],[ARQUIVO]]) -> https://aterpa.sharepoint.com//sites/A373_Projetos/Documentos Compartilhados/11.Sala Tecnica/01.PROJETOS/ANO 02/MSV-163MS-373-385/10.DR/MSV-163MS-373-385-ACA-EXE-DE-H2-203-R00.2.pdf | P1724: =LD_01[[#This Row],[PASTA]]&"/"&LD_01[[#This Row],[ARQUIVO]] -> MSV-163MS-373-385/10.DR/MSV-163MS-373-385-ACA-EXE-DE-H2-203-R00.2.pdf
A1725: MSV-163MS-373-385-ACA-EXE-DE-H2-204 | B1725: =VLOOKUP(LD_01[[#This Row],[DOCUMENTO]],_xlfn.SORTBY(ARQUIVOS_RECEBIDOS!$E$2:$F$5010,ARQUIVOS_RECEBIDOS!$F$2:$F$5010,-1),2,) -> R00.2 | C1725: 02 | D1725: PRINCIPAL | E1725: 373-385 | F1725: PISTA PRINCIPAL - PROJETO DE DRENAGEM E OAC - SEÇÕES TRANSVERSAIS DO CANAL | G1725: DRENAGEM | H1725: =_xlfn.XLOOKUP(LD_01[[#This Row],[DISCIPLINA]],'CLASSES DE PROJETOS'!$F$3:$F$37,'CLASSES DE PROJETOS'!$C$3:$C$37) -> DR | I1725: =_xlfn.TEXTJOIN("/",TRUE,"MSV-163MS-"&LD_01[[#This Row],[OBRA]],_xlfn.XLOOKUP(LD_01[[#This Row],[SIGLA]],'CLASSES DE PROJETOS'!$C$3:$C$37,'CLASSES DE PROJETOS'!$E$3:$E$37)) -> MSV-163MS-373-385/10.DR | J1725: {=_xlfn.TEXTJOIN(",",TRUE,_xlfn._xlws.FILTER(ARQUIVOS[ARQUIVO],(ARQUIVOS[DOCUMENTO]=LD_01[[#This Row],[DOCUMENTO]])*(ARQUIVOS[REVISÃO]=LD_01[[#This Row],[REVISÃO]])*(ARQUIVOS[EXTENSÃO]="pdf")))} -> MSV-163MS-373-385-ACA-EXE-DE-H2-204-R00.2.pdf | K1725: {=_xlfn.TEXTJOIN(", ",TRUE,_xlfn.UNIQUE(_xlfn._xlws.FILTER(ARQUIVOS_RECEBIDOS!$F$2:$F$5010,ARQUIVOS_RECEBIDOS!$E$2:$E$5010=LD_01[[#This Row],[DOCUMENTO]])))} -> R00.2 | L1725: {=_xlfn.TEXTJOIN(",",TRUE,_xlfn._xlws.FILTER(ARQUIVOS[EXTENSÃO],(ARQUIVOS[DOCUMENTO]=LD_01[[#This Row],[DOCUMENTO]])*(ARQUIVOS[REVISÃO]=LD_01[[#This Row],[REVISÃO]])))} -> dwg,pdf | M1725: {=_xlfn.UNIQUE(_xlfn._xlws.FILTER(ARQUIVOS[DATA RECEBIMENTO],(ARQUIVOS[DOCUMENTO]=LD_01[[#This Row],[DOCUMENTO]])*(ARQUIVOS[REVISÃO]=LD_01[[#This Row],[REVISÃO]])))} -> 46041 | N1725: ="https://aterpa.sharepoint.com//sites/A373_Projetos/Documentos Compartilhados/11.Sala Tecnica/01.PROJETOS/ANO "&TEXT(LD_01[[#This Row],[ANO]],"00") -> https://aterpa.sharepoint.com//sites/A373_Projetos/Documentos Compartilhados/11.Sala Tecnica/01.PROJETOS/ANO 02 | O1725: =_xlfn.TEXTJOIN("/",TRUE,LD_01[[#This Row],[RAIZ SHAREPOINT]],LD_01[[#This Row],[PASTA]],LD_01[[#This Row],[ARQUIVO]]) -> https://aterpa.sharepoint.com//sites/A373_Projetos/Documentos Compartilhados/11.Sala Tecnica/01.PROJETOS/ANO 02/MSV-163MS-373-385/10.DR/MSV-163MS-373-385-ACA-EXE-DE-H2-204-R00.2.pdf | P1725: =LD_01[[#This Row],[PASTA]]&"/"&LD_01[[#This Row],[ARQUIVO]] -> MSV-163MS-373-385/10.DR/MSV-163MS-373-385-ACA-EXE-DE-H2-204-R00.2.pdf
A1726: MSV-163MS-373-385-ACA-EXE-DE-H2-205 | B1726: =VLOOKUP(LD_01[[#This Row],[DOCUMENTO]],_xlfn.SORTBY(ARQUIVOS_RECEBIDOS!$E$2:$F$5010,ARQUIVOS_RECEBIDOS!$F$2:$F$5010,-1),2,) -> R00.2 | C1726: 02 | D1726: PRINCIPAL | E1726: 373-385 | F1726: PISTA PRINCIPAL - PROJETO DE DRENAGEM E OAC - SEÇÕES TRANSVERSAIS DO CANAL | G1726: DRENAGEM | H1726: =_xlfn.XLOOKUP(LD_01[[#This Row],[DISCIPLINA]],'CLASSES DE PROJETOS'!$F$3:$F$37,'CLASSES DE PROJETOS'!$C$3:$C$37) -> DR | I1726: =_xlfn.TEXTJOIN("/",TRUE,"MSV-163MS-"&LD_01[[#This Row],[OBRA]],_xlfn.XLOOKUP(LD_01[[#This Row],[SIGLA]],'CLASSES DE PROJETOS'!$C$3:$C$37,'CLASSES DE PROJETOS'!$E$3:$E$37)) -> MSV-163MS-373-385/10.DR | J1726: {=_xlfn.TEXTJOIN(",",TRUE,_xlfn._xlws.FILTER(ARQUIVOS[ARQUIVO],(ARQUIVOS[DOCUMENTO]=LD_01[[#This Row],[DOCUMENTO]])*(ARQUIVOS[REVISÃO]=LD_01[[#This Row],[REVISÃO]])*(ARQUIVOS[EXTENSÃO]="pdf")))} -> MSV-163MS-373-385-ACA-EXE-DE-H2-205-R00.2.pdf | K1726: {=_xlfn.TEXTJOIN(", ",TRUE,_xlfn.UNIQUE(_xlfn._xlws.FILTER(ARQUIVOS_RECEBIDOS!$F$2:$F$5010,ARQUIVOS_RECEBIDOS!$E$2:$E$5010=LD_01[[#This Row],[DOCUMENTO]])))} -> R00.2 | L1726: {=_xlfn.TEXTJOIN(",",TRUE,_xlfn._xlws.FILTER(ARQUIVOS[EXTENSÃO],(ARQUIVOS[DOCUMENTO]=LD_01[[#This Row],[DOCUMENTO]])*(ARQUIVOS[REVISÃO]=LD_01[[#This Row],[REVISÃO]])))} -> dwg,pdf | M1726: {=_xlfn.UNIQUE(_xlfn._xlws.FILTER(ARQUIVOS[DATA RECEBIMENTO],(ARQUIVOS[DOCUMENTO]=LD_01[[#This Row],[DOCUMENTO]])*(ARQUIVOS[REVISÃO]=LD_01[[#This Row],[REVISÃO]])))} -> 46041 | N1726: ="https://aterpa.sharepoint.com//sites/A373_Projetos/Documentos Compartilhados/11.Sala Tecnica/01.PROJETOS/ANO "&TEXT(LD_01[[#This Row],[ANO]],"00") -> https://aterpa.sharepoint.com//sites/A373_Projetos/Documentos Compartilhados/11.Sala Tecnica/01.PROJETOS/ANO 02 | O1726: =_xlfn.TEXTJOIN("/",TRUE,LD_01[[#This Row],[RAIZ SHAREPOINT]],LD_01[[#This Row],[PASTA]],LD_01[[#This Row],[ARQUIVO]]) -> https://aterpa.sharepoint.com//sites/A373_Projetos/Documentos Compartilhados/11.Sala Tecnica/01.PROJETOS/ANO 02/MSV-163MS-373-385/10.DR/MSV-163MS-373-385-ACA-EXE-DE-H2-205-R00.2.pdf | P1726: =LD_01[[#This Row],[PASTA]]&"/"&LD_01[[#This Row],[ARQUIVO]] -> MSV-163MS-373-385/10.DR/MSV-163MS-373-385-ACA-EXE-DE-H2-205-R00.2.pdf
A1727: MSV-163MS-373-385-ACA-EXE-DE-H2-206 | B1727: =VLOOKUP(LD_01[[#This Row],[DOCUMENTO]],_xlfn.SORTBY(ARQUIVOS_RECEBIDOS!$E$2:$F$5010,ARQUIVOS_RECEBIDOS!$F$2:$F$5010,-1),2,) -> R00.2 | C1727: 02 | D1727: PRINCIPAL | E1727: 373-385 | F1727: PISTA PRINCIPAL - PROJETO DE DRENAGEM E OAC - SEÇÕES TRANSVERSAIS DO CANAL | G1727: DRENAGEM | H1727: =_xlfn.XLOOKUP(LD_01[[#This Row],[DISCIPLINA]],'CLASSES DE PROJETOS'!$F$3:$F$37,'CLASSES DE PROJETOS'!$C$3:$C$37) -> DR | I1727: =_xlfn.TEXTJOIN("/",TRUE,"MSV-163MS-"&LD_01[[#This Row],[OBRA]],_xlfn.XLOOKUP(LD_01[[#This Row],[SIGLA]],'CLASSES DE PROJETOS'!$C$3:$C$37,'CLASSES DE PROJETOS'!$E$3:$E$37)) -> MSV-163MS-373-385/10.DR | J1727: {=_xlfn.TEXTJOIN(",",TRUE,_xlfn._xlws.FILTER(ARQUIVOS[ARQUIVO],(ARQUIVOS[DOCUMENTO]=LD_01[[#This Row],[DOCUMENTO]])*(ARQUIVOS[REVISÃO]=LD_01[[#This Row],[REVISÃO]])*(ARQUIVOS[EXTENSÃO]="pdf")))} -> MSV-163MS-373-385-ACA-EXE-DE-H2-206-R00.2.pdf | K1727: {=_xlfn.TEXTJOIN(", ",TRUE,_xlfn.UNIQUE(_xlfn._xlws.FILTER(ARQUIVOS_RECEBIDOS!$F$2:$F$5010,ARQUIVOS_RECEBIDOS!$E$2:$E$5010=LD_01[[#This Row],[DOCUMENTO]])))} -> R00.2 | L1727: {=_xlfn.TEXTJOIN(",",TRUE,_xlfn._xlws.FILTER(ARQUIVOS[EXTENSÃO],(ARQUIVOS[DOCUMENTO]=LD_01[[#This Row],[DOCUMENTO]])*(ARQUIVOS[REVISÃO]=LD_01[[#This Row],[REVISÃO]])))} -> dwg,pdf | M1727: {=_xlfn.UNIQUE(_xlfn._xlws.FILTER(ARQUIVOS[DATA RECEBIMENTO],(ARQUIVOS[DOCUMENTO]=LD_01[[#This Row],[DOCUMENTO]])*(ARQUIVOS[REVISÃO]=LD_01[[#This Row],[REVISÃO]])))} -> 46041 | N1727: ="https://aterpa.sharepoint.com//sites/A373_Projetos/Documentos Compartilhados/11.Sala Tecnica/01.PROJETOS/ANO "&TEXT(LD_01[[#This Row],[ANO]],"00") -> https://aterpa.sharepoint.com//sites/A373_Projetos/Documentos Compartilhados/11.Sala Tecnica/01.PROJETOS/ANO 02 | O1727: =_xlfn.TEXTJOIN("/",TRUE,LD_01[[#This Row],[RAIZ SHAREPOINT]],LD_01[[#This Row],[PASTA]],LD_01[[#This Row],[ARQUIVO]]) -> https://aterpa.sharepoint.com//sites/A373_Projetos/Documentos Compartilhados/11.Sala Tecnica/01.PROJETOS/ANO 02/MSV-163MS-373-385/10.DR/MSV-163MS-373-385-ACA-EXE-DE-H2-206-R00.2.pdf | P1727: =LD_01[[#This Row],[PASTA]]&"/"&LD_01[[#This Row],[ARQUIVO]] -> MSV-163MS-373-385/10.DR/MSV-163MS-373-385-ACA-EXE-DE-H2-206-R00.2.pdf
A1728: MSV-163MS-373-385-ACA-EXE-DE-I2-001 | B1728: =VLOOKUP(LD_01[[#This Row],[DOCUMENTO]],_xlfn.SORTBY(ARQUIVOS_RECEBIDOS!$E$2:$F$5010,ARQUIVOS_RECEBIDOS!$F$2:$F$5010,-1),2,) -> R00.3 | C1728: 02 | D1728: PRINCIPAL | E1728: 373-385 | F1728: PISTA PRINCIPAL - PROJETO DE PAVIMENTAÇÃO - PLANTA | G1728: PAVIMENTAÇÃO | H1728: =_xlfn.XLOOKUP(LD_01[[#This Row],[DISCIPLINA]],'CLASSES DE PROJETOS'!$F$3:$F$37,'CLASSES DE PROJETOS'!$C$3:$C$37) -> PV | I1728: =_xlfn.TEXTJOIN("/",TRUE,"MSV-163MS-"&LD_01[[#This Row],[OBRA]],_xlfn.XLOOKUP(LD_01[[#This Row],[SIGLA]],'CLASSES DE PROJETOS'!$C$3:$C$37,'CLASSES DE PROJETOS'!$E$3:$E$37)) -> MSV-163MS-373-385/28.PV | J1728: {=_xlfn.TEXTJOIN(",",TRUE,_xlfn._xlws.FILTER(ARQUIVOS[ARQUIVO],(ARQUIVOS[DOCUMENTO]=LD_01[[#This Row],[DOCUMENTO]])*(ARQUIVOS[REVISÃO]=LD_01[[#This Row],[REVISÃO]])*(ARQUIVOS[EXTENSÃO]="pdf")))} -> MSV-163MS-373-385-ACA-EXE-DE-I2-001-R00.3.pdf | K1728: {=_xlfn.TEXTJOIN(", ",TRUE,_xlfn.UNIQUE(_xlfn._xlws.FILTER(ARQUIVOS_RECEBIDOS!$F$2:$F$5010,ARQUIVOS_RECEBIDOS!$E$2:$E$5010=LD_01[[#This Row],[DOCUMENTO]])))} -> R00.3 | L1728: {=_xlfn.TEXTJOIN(",",TRUE,_xlfn._xlws.FILTER(ARQUIVOS[EXTENSÃO],(ARQUIVOS[DOCUMENTO]=LD_01[[#This Row],[DOCUMENTO]])*(ARQUIVOS[REVISÃO]=LD_01[[#This Row],[REVISÃO]])))} -> dwg,pdf | M1728: {=_xlfn.UNIQUE(_xlfn._xlws.FILTER(ARQUIVOS[DATA RECEBIMENTO],(ARQUIVOS[DOCUMENTO]=LD_01[[#This Row],[DOCUMENTO]])*(ARQUIVOS[REVISÃO]=LD_01[[#This Row],[REVISÃO]])))} -> 46041 | N1728: ="https://aterpa.sharepoint.com//sites/A373_Projetos/Documentos Compartilhados/11.Sala Tecnica/01.PROJETOS/ANO "&TEXT(LD_01[[#This Row],[ANO]],"00") -> https://aterpa.sharepoint.com//sites/A373_Projetos/Documentos Compartilhados/11.Sala Tecnica/01.PROJETOS/ANO 02 | O1728: =_xlfn.TEXTJOIN("/",TRUE,LD_01[[#This Row],[RAIZ SHAREPOINT]],LD_01[[#This Row],[PASTA]],LD_01[[#This Row],[ARQUIVO]]) -> https://aterpa.sharepoint.com//sites/A373_Projetos/Documentos Compartilhados/11.Sala Tecnica/01.PROJETOS/ANO 02/MSV-163MS-373-385/28.PV/MSV-163MS-373-385-ACA-EXE-DE-I2-001-R00.3.pdf | P1728: =LD_01[[#This Row],[PASTA]]&"/"&LD_01[[#This Row],[ARQUIVO]] -> MSV-163MS-373-385/28.PV/MSV-163MS-373-385-ACA-EXE-DE-I2-001-R00.3.pdf
A1729: MSV-163MS-373-385-ACA-EXE-DE-I2-002 | B1729: =VLOOKUP(LD_01[[#This Row],[DOCUMENTO]],_xlfn.SORTBY(ARQUIVOS_RECEBIDOS!$E$2:$F$5010,ARQUIVOS_RECEBIDOS!$F$2:$F$5010,-1),2,) -> R00.3 | C1729: 02 | D1729: PRINCIPAL | E1729: 373-385 | F1729: PISTA PRINCIPAL - PROJETO DE PAVIMENTAÇÃO - PLANTA | G1729: PAVIMENTAÇÃO | H1729: =_xlfn.XLOOKUP(LD_01[[#This Row],[DISCIPLINA]],'CLASSES DE PROJETOS'!$F$3:$F$37,'CLASSES DE PROJETOS'!$C$3:$C$37) -> PV | I1729: =_xlfn.TEXTJOIN("/",TRUE,"MSV-163MS-"&LD_01[[#This Row],[OBRA]],_xlfn.XLOOKUP(LD_01[[#This Row],[SIGLA]],'CLASSES DE PROJETOS'!$C$3:$C$37,'CLASSES DE PROJETOS'!$E$3:$E$37)) -> MSV-163MS-373-385/28.PV | J1729: {=_xlfn.TEXTJOIN(",",TRUE,_xlfn._xlws.FILTER(ARQUIVOS[ARQUIVO],(ARQUIVOS[DOCUMENTO]=LD_01[[#This Row],[DOCUMENTO]])*(ARQUIVOS[REVISÃO]=LD_01[[#This Row],[REVISÃO]])*(ARQUIVOS[EXTENSÃO]="pdf")))} -> MSV-163MS-373-385-ACA-EXE-DE-I2-002-R00.3.pdf | K1729: {=_xlfn.TEXTJOIN(", ",TRUE,_xlfn.UNIQUE(_xlfn._xlws.FILTER(ARQUIVOS_RECEBIDOS!$F$2:$F$5010,ARQUIVOS_RECEBIDOS!$E$2:$E$5010=LD_01[[#This Row],[DOCUMENTO]])))} -> R00.3 | L1729: {=_xlfn.TEXTJOIN(",",TRUE,_xlfn._xlws.FILTER(ARQUIVOS[EXTENSÃO],(ARQUIVOS[DOCUMENTO]=LD_01[[#This Row],[DOCUMENTO]])*(ARQUIVOS[REVISÃO]=LD_01[[#This Row],[REVISÃO]])))} -> dwg,pdf | M1729: {=_xlfn.UNIQUE(_xlfn._xlws.FILTER(ARQUIVOS[DATA RECEBIMENTO],(ARQUIVOS[DOCUMENTO]=LD_01[[#This Row],[DOCUMENTO]])*(ARQUIVOS[REVISÃO]=LD_01[[#This Row],[REVISÃO]])))} -> 46041 | N1729: ="https://aterpa.sharepoint.com//sites/A373_Projetos/Documentos Compartilhados/11.Sala Tecnica/01.PROJETOS/ANO "&TEXT(LD_01[[#This Row],[ANO]],"00") -> https://aterpa.sharepoint.com//sites/A373_Projetos/Documentos Compartilhados/11.Sala Tecnica/01.PROJETOS/ANO 02 | O1729: =_xlfn.TEXTJOIN("/",TRUE,LD_01[[#This Row],[RAIZ SHAREPOINT]],LD_01[[#This Row],[PASTA]],LD_01[[#This Row],[ARQUIVO]]) -> https://aterpa.sharepoint.com//sites/A373_Projetos/Documentos Compartilhados/11.Sala Tecnica/01.PROJETOS/ANO 02/MSV-163MS-373-385/28.PV/MSV-163MS-373-385-ACA-EXE-DE-I2-002-R00.3.pdf | P1729: =LD_01[[#This Row],[PASTA]]&"/"&LD_01[[#This Row],[ARQUIVO]] -> MSV-163MS-373-385/28.PV/MSV-163MS-373-385-ACA-EXE-DE-I2-002-R00.3.pdf
A1730: MSV-163MS-373-385-ACA-EXE-DE-I2-003 | B1730: =VLOOKUP(LD_01[[#This Row],[DOCUMENTO]],_xlfn.SORTBY(ARQUIVOS_RECEBIDOS!$E$2:$F$5010,ARQUIVOS_RECEBIDOS!$F$2:$F$5010,-1),2,) -> R00.3 | C1730: 02 | D1730: PRINCIPAL | E1730: 373-385 | F1730: PISTA PRINCIPAL - PROJETO DE PAVIMENTAÇÃO - PLANTA | G1730: PAVIMENTAÇÃO | H1730: =_xlfn.XLOOKUP(LD_01[[#This Row],[DISCIPLINA]],'CLASSES DE PROJETOS'!$F$3:$F$37,'CLASSES DE PROJETOS'!$C$3:$C$37) -> PV | I1730: =_xlfn.TEXTJOIN("/",TRUE,"MSV-163MS-"&LD_01[[#This Row],[OBRA]],_xlfn.XLOOKUP(LD_01[[#This Row],[SIGLA]],'CLASSES DE PROJETOS'!$C$3:$C$37,'CLASSES DE PROJETOS'!$E$3:$E$37)) -> MSV-163MS-373-385/28.PV | J1730: {=_xlfn.TEXTJOIN(",",TRUE,_xlfn._xlws.FILTER(ARQUIVOS[ARQUIVO],(ARQUIVOS[DOCUMENTO]=LD_01[[#This Row],[DOCUMENTO]])*(ARQUIVOS[REVISÃO]=LD_01[[#This Row],[REVISÃO]])*(ARQUIVOS[EXTENSÃO]="pdf")))} -> MSV-163MS-373-385-ACA-EXE-DE-I2-003-R00.3.pdf | K1730: {=_xlfn.TEXTJOIN(", ",TRUE,_xlfn.UNIQUE(_xlfn._xlws.FILTER(ARQUIVOS_RECEBIDOS!$F$2:$F$5010,ARQUIVOS_RECEBIDOS!$E$2:$E$5010=LD_01[[#This Row],[DOCUMENTO]])))} -> R00.3 | L1730: {=_xlfn.TEXTJOIN(",",TRUE,_xlfn._xlws.FILTER(ARQUIVOS[EXTENSÃO],(ARQUIVOS[DOCUMENTO]=LD_01[[#This Row],[DOCUMENTO]])*(ARQUIVOS[REVISÃO]=LD_01[[#This Row],[REVISÃO]])))} -> dwg,pdf | M1730: {=_xlfn.UNIQUE(_xlfn._xlws.FILTER(ARQUIVOS[DATA RECEBIMENTO],(ARQUIVOS[DOCUMENTO]=LD_01[[#This Row],[DOCUMENTO]])*(ARQUIVOS[REVISÃO]=LD_01[[#This Row],[REVISÃO]])))} -> 46041 | N1730: ="https://aterpa.sharepoint.com//sites/A373_Projetos/Documentos Compartilhados/11.Sala Tecnica/01.PROJETOS/ANO "&TEXT(LD_01[[#This Row],[ANO]],"00") -> https://aterpa.sharepoint.com//sites/A373_Projetos/Documentos Compartilhados/11.Sala Tecnica/01.PROJETOS/ANO 02 | O1730: =_xlfn.TEXTJOIN("/",TRUE,LD_01[[#This Row],[RAIZ SHAREPOINT]],LD_01[[#This Row],[PASTA]],LD_01[[#This Row],[ARQUIVO]]) -> https://aterpa.sharepoint.com//sites/A373_Projetos/Documentos Compartilhados/11.Sala Tecnica/01.PROJETOS/ANO 02/MSV-163MS-373-385/28.PV/MSV-163MS-373-385-ACA-EXE-DE-I2-003-R00.3.pdf | P1730: =LD_01[[#This Row],[PASTA]]&"/"&LD_01[[#This Row],[ARQUIVO]] -> MSV-163MS-373-385/28.PV/MSV-163MS-373-385-ACA-EXE-DE-I2-003-R00.3.pdf
A1731: MSV-163MS-373-385-ACA-EXE-DE-I2-004 | B1731: =VLOOKUP(LD_01[[#This Row],[DOCUMENTO]],_xlfn.SORTBY(ARQUIVOS_RECEBIDOS!$E$2:$F$5010,ARQUIVOS_RECEBIDOS!$F$2:$F$5010,-1),2,) -> R00.3 | C1731: 02 | D1731: PRINCIPAL | E1731: 373-385 | F1731: PISTA PRINCIPAL - PROJETO DE PAVIMENTAÇÃO - PLANTA | G1731: PAVIMENTAÇÃO | H1731: =_xlfn.XLOOKUP(LD_01[[#This Row],[DISCIPLINA]],'CLASSES DE PROJETOS'!$F$3:$F$37,'CLASSES DE PROJETOS'!$C$3:$C$37) -> PV | I1731: =_xlfn.TEXTJOIN("/",TRUE,"MSV-163MS-"&LD_01[[#This Row],[OBRA]],_xlfn.XLOOKUP(LD_01[[#This Row],[SIGLA]],'CLASSES DE PROJETOS'!$C$3:$C$37,'CLASSES DE PROJETOS'!$E$3:$E$37)) -> MSV-163MS-373-385/28.PV | J1731: {=_xlfn.TEXTJOIN(",",TRUE,_xlfn._xlws.FILTER(ARQUIVOS[ARQUIVO],(ARQUIVOS[DOCUMENTO]=LD_01[[#This Row],[DOCUMENTO]])*(ARQUIVOS[REVISÃO]=LD_01[[#This Row],[REVISÃO]])*(ARQUIVOS[EXTENSÃO]="pdf")))} -> MSV-163MS-373-385-ACA-EXE-DE-I2-004-R00.3.pdf | K1731: {=_xlfn.TEXTJOIN(", ",TRUE,_xlfn.UNIQUE(_xlfn._xlws.FILTER(ARQUIVOS_RECEBIDOS!$F$2:$F$5010,ARQUIVOS_RECEBIDOS!$E$2:$E$5010=LD_01[[#This Row],[DOCUMENTO]])))} -> R00.3 | L1731: {=_xlfn.TEXTJOIN(",",TRUE,_xlfn._xlws.FILTER(ARQUIVOS[EXTENSÃO],(ARQUIVOS[DOCUMENTO]=LD_01[[#This Row],[DOCUMENTO]])*(ARQUIVOS[REVISÃO]=LD_01[[#This Row],[REVISÃO]])))} -> dwg,pdf | M1731: {=_xlfn.UNIQUE(_xlfn._xlws.FILTER(ARQUIVOS[DATA RECEBIMENTO],(ARQUIVOS[DOCUMENTO]=LD_01[[#This Row],[DOCUMENTO]])*(ARQUIVOS[REVISÃO]=LD_01[[#This Row],[REVISÃO]])))} -> 46041 | N1731: ="https://aterpa.sharepoint.com//sites/A373_Projetos/Documentos Compartilhados/11.Sala Tecnica/01.PROJETOS/ANO "&TEXT(LD_01[[#This Row],[ANO]],"00") -> https://aterpa.sharepoint.com//sites/A373_Projetos/Documentos Compartilhados/11.Sala Tecnica/01.PROJETOS/ANO 02 | O1731: =_xlfn.TEXTJOIN("/",TRUE,LD_01[[#This Row],[RAIZ SHAREPOINT]],LD_01[[#This Row],[PASTA]],LD_01[[#This Row],[ARQUIVO]]) -> https://aterpa.sharepoint.com//sites/A373_Projetos/Documentos Compartilhados/11.Sala Tecnica/01.PROJETOS/ANO 02/MSV-163MS-373-385/28.PV/MSV-163MS-373-385-ACA-EXE-DE-I2-004-R00.3.pdf | P1731: =LD_01[[#This Row],[PASTA]]&"/"&LD_01[[#This Row],[ARQUIVO]] -> MSV-163MS-373-385/28.PV/MSV-163MS-373-385-ACA-EXE-DE-I2-004-R00.3.pdf
A1732: MSV-163MS-373-385-ACA-EXE-DE-I2-005 | B1732: =VLOOKUP(LD_01[[#This Row],[DOCUMENTO]],_xlfn.SORTBY(ARQUIVOS_RECEBIDOS!$E$2:$F$5010,ARQUIVOS_RECEBIDOS!$F$2:$F$5010,-1),2,) -> R00.3 | C1732: 02 | D1732: PRINCIPAL | E1732: 373-385 | F1732: PISTA PRINCIPAL - PROJETO DE PAVIMENTAÇÃO - PLANTA | G1732: PAVIMENTAÇÃO | H1732: =_xlfn.XLOOKUP(LD_01[[#This Row],[DISCIPLINA]],'CLASSES DE PROJETOS'!$F$3:$F$37,'CLASSES DE PROJETOS'!$C$3:$C$37) -> PV | I1732: =_xlfn.TEXTJOIN("/",TRUE,"MSV-163MS-"&LD_01[[#This Row],[OBRA]],_xlfn.XLOOKUP(LD_01[[#This Row],[SIGLA]],'CLASSES DE PROJETOS'!$C$3:$C$37,'CLASSES DE PROJETOS'!$E$3:$E$37)) -> MSV-163MS-373-385/28.PV | J1732: {=_xlfn.TEXTJOIN(",",TRUE,_xlfn._xlws.FILTER(ARQUIVOS[ARQUIVO],(ARQUIVOS[DOCUMENTO]=LD_01[[#This Row],[DOCUMENTO]])*(ARQUIVOS[REVISÃO]=LD_01[[#This Row],[REVISÃO]])*(ARQUIVOS[EXTENSÃO]="pdf")))} -> MSV-163MS-373-385-ACA-EXE-DE-I2-005-R00.3.pdf | K1732: {=_xlfn.TEXTJOIN(", ",TRUE,_xlfn.UNIQUE(_xlfn._xlws.FILTER(ARQUIVOS_RECEBIDOS!$F$2:$F$5010,ARQUIVOS_RECEBIDOS!$E$2:$E$5010=LD_01[[#This Row],[DOCUMENTO]])))} -> R00.3 | L1732: {=_xlfn.TEXTJOIN(",",TRUE,_xlfn._xlws.FILTER(ARQUIVOS[EXTENSÃO],(ARQUIVOS[DOCUMENTO]=LD_01[[#This Row],[DOCUMENTO]])*(ARQUIVOS[REVISÃO]=LD_01[[#This Row],[REVISÃO]])))} -> dwg,pdf | M1732: {=_xlfn.UNIQUE(_xlfn._xlws.FILTER(ARQUIVOS[DATA RECEBIMENTO],(ARQUIVOS[DOCUMENTO]=LD_01[[#This Row],[DOCUMENTO]])*(ARQUIVOS[REVISÃO]=LD_01[[#This Row],[REVISÃO]])))} -> 46041 | N1732: ="https://aterpa.sharepoint.com//sites/A373_Projetos/Documentos Compartilhados/11.Sala Tecnica/01.PROJETOS/ANO "&TEXT(LD_01[[#This Row],[ANO]],"00") -> https://aterpa.sharepoint.com//sites/A373_Projetos/Documentos Compartilhados/11.Sala Tecnica/01.PROJETOS/ANO 02 | O1732: =_xlfn.TEXTJOIN("/",TRUE,LD_01[[#This Row],[RAIZ SHAREPOINT]],LD_01[[#This Row],[PASTA]],LD_01[[#This Row],[ARQUIVO]]) -> https://aterpa.sharepoint.com//sites/A373_Projetos/Documentos Compartilhados/11.Sala Tecnica/01.PROJETOS/ANO 02/MSV-163MS-373-385/28.PV/MSV-163MS-373-385-ACA-EXE-DE-I2-005-R00.3.pdf | P1732: =LD_01[[#This Row],[PASTA]]&"/"&LD_01[[#This Row],[ARQUIVO]] -> MSV-163MS-373-385/28.PV/MSV-163MS-373-385-ACA-EXE-DE-I2-005-R00.3.pdf
A1733: MSV-163MS-373-385-ACA-EXE-DE-I2-006 | B1733: =VLOOKUP(LD_01[[#This Row],[DOCUMENTO]],_xlfn.SORTBY(ARQUIVOS_RECEBIDOS!$E$2:$F$5010,ARQUIVOS_RECEBIDOS!$F$2:$F$5010,-1),2,) -> R00.3 | C1733: 02 | D1733: PRINCIPAL | E1733: 373-385 | F1733: PISTA PRINCIPAL - PROJETO DE PAVIMENTAÇÃO - PLANTA | G1733: PAVIMENTAÇÃO | H1733: =_xlfn.XLOOKUP(LD_01[[#This Row],[DISCIPLINA]],'CLASSES DE PROJETOS'!$F$3:$F$37,'CLASSES DE PROJETOS'!$C$3:$C$37) -> PV | I1733: =_xlfn.TEXTJOIN("/",TRUE,"MSV-163MS-"&LD_01[[#This Row],[OBRA]],_xlfn.XLOOKUP(LD_01[[#This Row],[SIGLA]],'CLASSES DE PROJETOS'!$C$3:$C$37,'CLASSES DE PROJETOS'!$E$3:$E$37)) -> MSV-163MS-373-385/28.PV | J1733: {=_xlfn.TEXTJOIN(",",TRUE,_xlfn._xlws.FILTER(ARQUIVOS[ARQUIVO],(ARQUIVOS[DOCUMENTO]=LD_01[[#This Row],[DOCUMENTO]])*(ARQUIVOS[REVISÃO]=LD_01[[#This Row],[REVISÃO]])*(ARQUIVOS[EXTENSÃO]="pdf")))} -> MSV-163MS-373-385-ACA-EXE-DE-I2-006-R00.3.pdf | K1733: {=_xlfn.TEXTJOIN(", ",TRUE,_xlfn.UNIQUE(_xlfn._xlws.FILTER(ARQUIVOS_RECEBIDOS!$F$2:$F$5010,ARQUIVOS_RECEBIDOS!$E$2:$E$5010=LD_01[[#This Row],[DOCUMENTO]])))} -> R00.3 | L1733: {=_xlfn.TEXTJOIN(",",TRUE,_xlfn._xlws.FILTER(ARQUIVOS[EXTENSÃO],(ARQUIVOS[DOCUMENTO]=LD_01[[#This Row],[DOCUMENTO]])*(ARQUIVOS[REVISÃO]=LD_01[[#This Row],[REVISÃO]])))} -> dwg,pdf | M1733: {=_xlfn.UNIQUE(_xlfn._xlws.FILTER(ARQUIVOS[DATA RECEBIMENTO],(ARQUIVOS[DOCUMENTO]=LD_01[[#This Row],[DOCUMENTO]])*(ARQUIVOS[REVISÃO]=LD_01[[#This Row],[REVISÃO]])))} -> 46041 | N1733: ="https://aterpa.sharepoint.com//sites/A373_Projetos/Documentos Compartilhados/11.Sala Tecnica/01.PROJETOS/ANO "&TEXT(LD_01[[#This Row],[ANO]],"00") -> https://aterpa.sharepoint.com//sites/A373_Projetos/Documentos Compartilhados/11.Sala Tecnica/01.PROJETOS/ANO 02 | O1733: =_xlfn.TEXTJOIN("/",TRUE,LD_01[[#This Row],[RAIZ SHAREPOINT]],LD_01[[#This Row],[PASTA]],LD_01[[#This Row],[ARQUIVO]]) -> https://aterpa.sharepoint.com//sites/A373_Projetos/Documentos Compartilhados/11.Sala Tecnica/01.PROJETOS/ANO 02/MSV-163MS-373-385/28.PV/MSV-163MS-373-385-ACA-EXE-DE-I2-006-R00.3.pdf | P1733: =LD_01[[#This Row],[PASTA]]&"/"&LD_01[[#This Row],[ARQUIVO]] -> MSV-163MS-373-385/28.PV/MSV-163MS-373-385-ACA-EXE-DE-I2-006-R00.3.pdf
... A1903: MSV-163MS-373-385-ACA-EXE-RT-Q1-001 | B1903: =VLOOKUP(LD_01[[#This Row],[DOCUMENTO]],_xlfn.SORTBY(ARQUIVOS_RECEBIDOS!$E$2:$F$5010,ARQUIVOS_RECEBIDOS!$F$2:$F$5010,-1),2,) -> R00.3 | C1903: 02 | D1903: PRINCIPAL | E1903: 373-385 | F1903: PISTA PRINCIPAL - PROJETO DE DESAPROPRIAÇÃO - RELATÓRIO DO PROJETO DE DESAPROPRIAÇÃO | G1903: DESAPROPRIAÇÃO | H1903: =_xlfn.XLOOKUP(LD_01[[#This Row],[DISCIPLINA]],'CLASSES DE PROJETOS'!$F$3:$F$37,'CLASSES DE PROJETOS'!$C$3:$C$37) -> DS | I1903: =_xlfn.TEXTJOIN("/",TRUE,"MSV-163MS-"&LD_01[[#This Row],[OBRA]],_xlfn.XLOOKUP(LD_01[[#This Row],[SIGLA]],'CLASSES DE PROJETOS'!$C$3:$C$37,'CLASSES DE PROJETOS'!$E$3:$E$37)) -> MSV-163MS-373-385/11.DS | J1903: {=_xlfn.TEXTJOIN(",",TRUE,_xlfn._xlws.FILTER(ARQUIVOS[ARQUIVO],(ARQUIVOS[DOCUMENTO]=LD_01[[#This Row],[DOCUMENTO]])*(ARQUIVOS[REVISÃO]=LD_01[[#This Row],[REVISÃO]])*(ARQUIVOS[EXTENSÃO]="pdf")))} -> MSV-163MS-373-385-ACA-EXE-RT-Q1-001-R00.3.pdf | K1903: {=_xlfn.TEXTJOIN(", ",TRUE,_xlfn.UNIQUE(_xlfn._xlws.FILTER(ARQUIVOS_RECEBIDOS!$F$2:$F$5010,ARQUIVOS_RECEBIDOS!$E$2:$E$5010=LD_01[[#This Row],[DOCUMENTO]])))} -> R00.3 | L1903: {=_xlfn.TEXTJOIN(",",TRUE,_xlfn._xlws.FILTER(ARQUIVOS[EXTENSÃO],(ARQUIVOS[DOCUMENTO]=LD_01[[#This Row],[DOCUMENTO]])*(ARQUIVOS[REVISÃO]=LD_01[[#This Row],[REVISÃO]])))} -> docx,pdf | M1903: {=_xlfn.UNIQUE(_xlfn._xlws.FILTER(ARQUIVOS[DATA RECEBIMENTO],(ARQUIVOS[DOCUMENTO]=LD_01[[#This Row],[DOCUMENTO]])*(ARQUIVOS[REVISÃO]=LD_01[[#This Row],[REVISÃO]])))} -> 46041 | N1903: ="https://aterpa.sharepoint.com//sites/A373_Projetos/Documentos Compartilhados/11.Sala Tecnica/01.PROJETOS/ANO "&TEXT(LD_01[[#This Row],[ANO]],"00") -> https://aterpa.sharepoint.com//sites/A373_Projetos/Documentos Compartilhados/11.Sala Tecnica/01.PROJETOS/ANO 02 | O1903: =_xlfn.TEXTJOIN("/",TRUE,LD_01[[#This Row],[RAIZ SHAREPOINT]],LD_01[[#This Row],[PASTA]],LD_01[[#This Row],[ARQUIVO]]) -> https://aterpa.sharepoint.com//sites/A373_Projetos/Documentos Compartilhados/11.Sala Tecnica/01.PROJETOS/ANO 02/MSV-163MS-373-385/11.DS/MSV-163MS-373-385-ACA-EXE-RT-Q1-001-R00.3.pdf | P1903: =LD_01[[#This Row],[PASTA]]&"/"&LD_01[[#This Row],[ARQUIVO]] -> MSV-163MS-373-385/11.DS/MSV-163MS-373-385-ACA-EXE-RT-Q1-001-R00.3.pdf
A1904: RET Nº 1/2025 - ABIO Nº 685/2015-1 | B1904: =VLOOKUP(LD_01[[#This Row],[DOCUMENTO]],_xlfn.SORTBY(ARQUIVOS_RECEBIDOS!$E$2:$F$5010,ARQUIVOS_RECEBIDOS!$F$2:$F$5010,-1),2,) -> 2025 | C1904: 01 | D1904: LICENÇA | E1904: AMBIENTAL | F1904: AUTORIZAÇÃO PARA MANEJO DE FAUNA - EQUIPE TÉCNICA | G1904: MEIO AMBIENTE | H1904: =_xlfn.XLOOKUP(LD_01[[#This Row],[DISCIPLINA]],'CLASSES DE PROJETOS'!$F$3:$F$37,'CLASSES DE PROJETOS'!$C$3:$C$37) -> MA | I1904: =_xlfn.TEXTJOIN("/",TRUE,"MSV-163MS-"&LD_01[[#This Row],[OBRA]],_xlfn.XLOOKUP(LD_01[[#This Row],[SIGLA]],'CLASSES DE PROJETOS'!$C$3:$C$37,'CLASSES DE PROJETOS'!$E$3:$E$37)) -> MSV-163MS-AMBIENTAL/25.MA | J1904: {=_xlfn.TEXTJOIN(",",TRUE,_xlfn._xlws.FILTER(ARQUIVOS[ARQUIVO],(ARQUIVOS[DOCUMENTO]=LD_01[[#This Row],[DOCUMENTO]])*(ARQUIVOS[REVISÃO]=LD_01[[#This Row],[REVISÃO]])*(ARQUIVOS[EXTENSÃO]="pdf")))} -> Abio_Relacao de Equipe Tecnica_Manejo de Fauna.pdf | K1904: {=_xlfn.TEXTJOIN(", ",TRUE,_xlfn.UNIQUE(_xlfn._xlws.FILTER(ARQUIVOS_RECEBIDOS!$F$2:$F$5010,ARQUIVOS_RECEBIDOS!$E$2:$E$5010=LD_01[[#This Row],[DOCUMENTO]])))} -> 2025 | L1904: {=_xlfn.TEXTJOIN(",",TRUE,_xlfn._xlws.FILTER(ARQUIVOS[EXTENSÃO],(ARQUIVOS[DOCUMENTO]=LD_01[[#This Row],[DOCUMENTO]])*(ARQUIVOS[REVISÃO]=LD_01[[#This Row],[REVISÃO]])))} -> pdf | M1904: {=_xlfn.UNIQUE(_xlfn._xlws.FILTER(ARQUIVOS[DATA RECEBIMENTO],(ARQUIVOS[DOCUMENTO]=LD_01[[#This Row],[DOCUMENTO]])*(ARQUIVOS[REVISÃO]=LD_01[[#This Row],[REVISÃO]])))} -> 0 | N1904: https://aterpa.sharepoint.com//sites/A373_Projetos/Documentos Compartilhados/11.Sala Tecnica/07.MEIO AMBIENTE/01.LICENÇAS | O1904: =_xlfn.TEXTJOIN("/",TRUE,LD_01[[#This Row],[RAIZ SHAREPOINT]],LD_01[[#This Row],[PASTA]],LD_01[[#This Row],[ARQUIVO]]) -> https://aterpa.sharepoint.com//sites/A373_Projetos/Documentos Compartilhados/11.Sala Tecnica/07.MEIO AMBIENTE/01.LICENÇAS/MSV-163MS-AMBIENTAL/25.MA/Abio_Relacao de Equipe Tecnica_Manejo de Fauna.pdf | P1904: =LD_01[[#This Row],[PASTA]]&"/"&LD_01[[#This Row],[ARQUIVO]] -> MSV-163MS-AMBIENTAL/25.MA/Abio_Relacao de Equipe Tecnica_Manejo de Fauna.pdf
A1905: RET Nº 1/2025 - ABIO Nº 685/2015-2 | B1905: =VLOOKUP(LD_01[[#This Row],[DOCUMENTO]],_xlfn.SORTBY(ARQUIVOS_RECEBIDOS!$E$2:$F$5010,ARQUIVOS_RECEBIDOS!$F$2:$F$5010,-1),2,) -> 2026 | C1905: 02 | D1905: LICENÇA | E1905: AMBIENTAL | F1905: AUTORIZAÇÃO PARA MANEJO DE FAUNA - EQUIPE TÉCNICA - RENOVAÇÃO | G1905: MEIO AMBIENTE | H1905: =_xlfn.XLOOKUP(LD_01[[#This Row],[DISCIPLINA]],'CLASSES DE PROJETOS'!$F$3:$F$37,'CLASSES DE PROJETOS'!$C$3:$C$37) -> MA | I1905: =_xlfn.TEXTJOIN("/",TRUE,"MSV-163MS-"&LD_01[[#This Row],[OBRA]],_xlfn.XLOOKUP(LD_01[[#This Row],[SIGLA]],'CLASSES DE PROJETOS'!$C$3:$C$37,'CLASSES DE PROJETOS'!$E$3:$E$37)) -> MSV-163MS-AMBIENTAL/25.MA | J1905: {=_xlfn.TEXTJOIN(",",TRUE,_xlfn._xlws.FILTER(ARQUIVOS[ARQUIVO],(ARQUIVOS[DOCUMENTO]=LD_01[[#This Row],[DOCUMENTO]])*(ARQUIVOS[REVISÃO]=LD_01[[#This Row],[REVISÃO]])*(ARQUIVOS[EXTENSÃO]="pdf")))} -> Abio_Relacao de Equipe Tecnica_Manejo de Fauna_Renovacão 26.pdf | K1905: {=_xlfn.TEXTJOIN(", ",TRUE,_xlfn.UNIQUE(_xlfn._xlws.FILTER(ARQUIVOS_RECEBIDOS!$F$2:$F$5010,ARQUIVOS_RECEBIDOS!$E$2:$E$5010=LD_01[[#This Row],[DOCUMENTO]])))} -> 2026 | L1905: {=_xlfn.TEXTJOIN(",",TRUE,_xlfn._xlws.FILTER(ARQUIVOS[EXTENSÃO],(ARQUIVOS[DOCUMENTO]=LD_01[[#This Row],[DOCUMENTO]])*(ARQUIVOS[REVISÃO]=LD_01[[#This Row],[REVISÃO]])))} -> pdf | M1905: {=_xlfn.UNIQUE(_xlfn._xlws.FILTER(ARQUIVOS[DATA RECEBIMENTO],(ARQUIVOS[DOCUMENTO]=LD_01[[#This Row],[DOCUMENTO]])*(ARQUIVOS[REVISÃO]=LD_01[[#This Row],[REVISÃO]])))} -> 0 | N1905: https://aterpa.sharepoint.com//sites/A373_Projetos/Documentos Compartilhados/11.Sala Tecnica/07.MEIO AMBIENTE/01.LICENÇAS | O1905: =_xlfn.TEXTJOIN("/",TRUE,LD_01[[#This Row],[RAIZ SHAREPOINT]],LD_01[[#This Row],[PASTA]],LD_01[[#This Row],[ARQUIVO]]) -> https://aterpa.sharepoint.com//sites/A373_Projetos/Documentos Compartilhados/11.Sala Tecnica/07.MEIO AMBIENTE/01.LICENÇAS/MSV-163MS-AMBIENTAL/25.MA/Abio_Relacao de Equipe Tecnica_Manejo de Fauna_Renovacão 26.pdf | P1905: =LD_01[[#This Row],[PASTA]]&"/"&LD_01[[#This Row],[ARQUIVO]] -> MSV-163MS-AMBIENTAL/25.MA/Abio_Relacao de Equipe Tecnica_Manejo de Fauna_Renovacão 26.pdf
A1906: MOTIVA_ASV_1053.8.2025.33673 | B1906: =VLOOKUP(LD_01[[#This Row],[DOCUMENTO]],_xlfn.SORTBY(ARQUIVOS_RECEBIDOS!$E$2:$F$5010,ARQUIVOS_RECEBIDOS!$F$2:$F$5010,-1),2,) -> 2025 | C1906: 01 | D1906: LICENÇA | E1906: AMBIENTAL | F1906: AUTORIZAÇÃO DE SUPRESSÃO VEGETAL - FAIXA DE DOMÍNIO - MALHA RETIFICADA | G1906: MEIO AMBIENTE | H1906: =_xlfn.XLOOKUP(LD_01[[#This Row],[DISCIPLINA]],'CLASSES DE PROJETOS'!$F$3:$F$37,'CLASSES DE PROJETOS'!$C$3:$C$37) -> MA | I1906: =_xlfn.TEXTJOIN("/",TRUE,"MSV-163MS-"&LD_01[[#This Row],[OBRA]],_xlfn.XLOOKUP(LD_01[[#This Row],[SIGLA]],'CLASSES DE PROJETOS'!$C$3:$C$37,'CLASSES DE PROJETOS'!$E$3:$E$37)) -> MSV-163MS-AMBIENTAL/25.MA | J1906: {=_xlfn.TEXTJOIN(",",TRUE,_xlfn._xlws.FILTER(ARQUIVOS[ARQUIVO],(ARQUIVOS[DOCUMENTO]=LD_01[[#This Row],[DOCUMENTO]])*(ARQUIVOS[REVISÃO]=LD_01[[#This Row],[REVISÃO]])*(ARQUIVOS[EXTENSÃO]="pdf")))} -> MOTIVA_ASV_1053.8.2025.33673_Malha Retificada.pdf | K1906: {=_xlfn.TEXTJOIN(", ",TRUE,_xlfn.UNIQUE(_xlfn._xlws.FILTER(ARQUIVOS_RECEBIDOS!$F$2:$F$5010,ARQUIVOS_RECEBIDOS!$E$2:$E$5010=LD_01[[#This Row],[DOCUMENTO]])))} -> 2025 | L1906: {=_xlfn.TEXTJOIN(",",TRUE,_xlfn._xlws.FILTER(ARQUIVOS[EXTENSÃO],(ARQUIVOS[DOCUMENTO]=LD_01[[#This Row],[DOCUMENTO]])*(ARQUIVOS[REVISÃO]=LD_01[[#This Row],[REVISÃO]])))} -> pdf | M1906: {=_xlfn.UNIQUE(_xlfn._xlws.FILTER(ARQUIVOS[DATA RECEBIMENTO],(ARQUIVOS[DOCUMENTO]=LD_01[[#This Row],[DOCUMENTO]])*(ARQUIVOS[REVISÃO]=LD_01[[#This Row],[REVISÃO]])))} -> 0 | N1906: https://aterpa.sharepoint.com//sites/A373_Projetos/Documentos Compartilhados/11.Sala Tecnica/07.MEIO AMBIENTE/01.LICENÇAS | O1906: =_xlfn.TEXTJOIN("/",TRUE,LD_01[[#This Row],[RAIZ SHAREPOINT]],LD_01[[#This Row],[PASTA]],LD_01[[#This Row],[ARQUIVO]]) -> https://aterpa.sharepoint.com//sites/A373_Projetos/Documentos Compartilhados/11.Sala Tecnica/07.MEIO AMBIENTE/01.LICENÇAS/MSV-163MS-AMBIENTAL/25.MA/MOTIVA_ASV_1053.8.2025.33673_Malha Retificada.pdf | P1906: =LD_01[[#This Row],[PASTA]]&"/"&LD_01[[#This Row],[ARQUIVO]] -> MSV-163MS-AMBIENTAL/25.MA/MOTIVA_ASV_1053.8.2025.33673_Malha Retificada.pdf
A1907: MOTIVA_ASV_1053.8.2025.34295 | B1907: =VLOOKUP(LD_01[[#This Row],[DOCUMENTO]],_xlfn.SORTBY(ARQUIVOS_RECEBIDOS!$E$2:$F$5010,ARQUIVOS_RECEBIDOS!$F$2:$F$5010,-1),2,) -> Ano 01 | C1907: 01 | D1907: LICENÇA | E1907: AMBIENTAL | F1907: AUTORIZAÇÃO DE SUPRESSÃO VEGETAL - ANO 01 | G1907: MEIO AMBIENTE | H1907: =_xlfn.XLOOKUP(LD_01[[#This Row],[DISCIPLINA]],'CLASSES DE PROJETOS'!$F$3:$F$37,'CLASSES DE PROJETOS'!$C$3:$C$37) -> MA | I1907: =_xlfn.TEXTJOIN("/",TRUE,"MSV-163MS-"&LD_01[[#This Row],[OBRA]],_xlfn.XLOOKUP(LD_01[[#This Row],[SIGLA]],'CLASSES DE PROJETOS'!$C$3:$C$37,'CLASSES DE PROJETOS'!$E$3:$E$37)) -> MSV-163MS-AMBIENTAL/25.MA | J1907: {=_xlfn.TEXTJOIN(",",TRUE,_xlfn._xlws.FILTER(ARQUIVOS[ARQUIVO],(ARQUIVOS[DOCUMENTO]=LD_01[[#This Row],[DOCUMENTO]])*(ARQUIVOS[REVISÃO]=LD_01[[#This Row],[REVISÃO]])*(ARQUIVOS[EXTENSÃO]="pdf")))} -> MOTIVA_ASV_1053.8.2025.34295_Ano 01.pdf | K1907: {=_xlfn.TEXTJOIN(", ",TRUE,_xlfn.UNIQUE(_xlfn._xlws.FILTER(ARQUIVOS_RECEBIDOS!$F$2:$F$5010,ARQUIVOS_RECEBIDOS!$E$2:$E$5010=LD_01[[#This Row],[DOCUMENTO]])))} -> Ano 01 | L1907: {=_xlfn.TEXTJOIN(",",TRUE,_xlfn._xlws.FILTER(ARQUIVOS[EXTENSÃO],(ARQUIVOS[DOCUMENTO]=LD_01[[#This Row],[DOCUMENTO]])*(ARQUIVOS[REVISÃO]=LD_01[[#This Row],[REVISÃO]])))} -> pdf | M1907: {=_xlfn.UNIQUE(_xlfn._xlws.FILTER(ARQUIVOS[DATA RECEBIMENTO],(ARQUIVOS[DOCUMENTO]=LD_01[[#This Row],[DOCUMENTO]])*(ARQUIVOS[REVISÃO]=LD_01[[#This Row],[REVISÃO]])))} -> 0 | N1907: https://aterpa.sharepoint.com//sites/A373_Projetos/Documentos Compartilhados/11.Sala Tecnica/07.MEIO AMBIENTE/01.LICENÇAS | O1907: =_xlfn.TEXTJOIN("/",TRUE,LD_01[[#This Row],[RAIZ SHAREPOINT]],LD_01[[#This Row],[PASTA]],LD_01[[#This Row],[ARQUIVO]]) -> https://aterpa.sharepoint.com//sites/A373_Projetos/Documentos Compartilhados/11.Sala Tecnica/07.MEIO AMBIENTE/01.LICENÇAS/MSV-163MS-AMBIENTAL/25.MA/MOTIVA_ASV_1053.8.2025.34295_Ano 01.pdf | P1907: =LD_01[[#This Row],[PASTA]]&"/"&LD_01[[#This Row],[ARQUIVO]] -> MSV-163MS-AMBIENTAL/25.MA/MOTIVA_ASV_1053.8.2025.34295_Ano 01.pdf
A1908: MOTIVA_ASV_1053.8.2026.81034 | B1908: =VLOOKUP(LD_01[[#This Row],[DOCUMENTO]],_xlfn.SORTBY(ARQUIVOS_RECEBIDOS!$E$2:$F$5010,ARQUIVOS_RECEBIDOS!$F$2:$F$5010,-1),2,) -> Ano 02 | C1908: 02 | D1908: LICENÇA | E1908: AMBIENTAL | F1908: AUTORIZAÇÃO DE SUPRESSÃO VEGETAL - ANO 02 | G1908: MEIO AMBIENTE | H1908: =_xlfn.XLOOKUP(LD_01[[#This Row],[DISCIPLINA]],'CLASSES DE PROJETOS'!$F$3:$F$37,'CLASSES DE PROJETOS'!$C$3:$C$37) -> MA | I1908: =_xlfn.TEXTJOIN("/",TRUE,"MSV-163MS-"&LD_01[[#This Row],[OBRA]],_xlfn.XLOOKUP(LD_01[[#This Row],[SIGLA]],'CLASSES DE PROJETOS'!$C$3:$C$37,'CLASSES DE PROJETOS'!$E$3:$E$37)) -> MSV-163MS-AMBIENTAL/25.MA | J1908: {=_xlfn.TEXTJOIN(",",TRUE,_xlfn._xlws.FILTER(ARQUIVOS[ARQUIVO],(ARQUIVOS[DOCUMENTO]=LD_01[[#This Row],[DOCUMENTO]])*(ARQUIVOS[REVISÃO]=LD_01[[#This Row],[REVISÃO]])*(ARQUIVOS[EXTENSÃO]="pdf")))} -> MOTIVA_ASV_1053.8.2026.81034_Ano 02.pdf | K1908: {=_xlfn.TEXTJOIN(", ",TRUE,_xlfn.UNIQUE(_xlfn._xlws.FILTER(ARQUIVOS_RECEBIDOS!$F$2:$F$5010,ARQUIVOS_RECEBIDOS!$E$2:$E$5010=LD_01[[#This Row],[DOCUMENTO]])))} -> Ano 02 | L1908: {=_xlfn.TEXTJOIN(",",TRUE,_xlfn._xlws.FILTER(ARQUIVOS[EXTENSÃO],(ARQUIVOS[DOCUMENTO]=LD_01[[#This Row],[DOCUMENTO]])*(ARQUIVOS[REVISÃO]=LD_01[[#This Row],[REVISÃO]])))} -> pdf | M1908: {=_xlfn.UNIQUE(_xlfn._xlws.FILTER(ARQUIVOS[DATA RECEBIMENTO],(ARQUIVOS[DOCUMENTO]=LD_01[[#This Row],[DOCUMENTO]])*(ARQUIVOS[REVISÃO]=LD_01[[#This Row],[REVISÃO]])))} -> 0 | N1908: https://aterpa.sharepoint.com//sites/A373_Projetos/Documentos Compartilhados/11.Sala Tecnica/07.MEIO AMBIENTE/01.LICENÇAS | O1908: =_xlfn.TEXTJOIN("/",TRUE,LD_01[[#This Row],[RAIZ SHAREPOINT]],LD_01[[#This Row],[PASTA]],LD_01[[#This Row],[ARQUIVO]]) -> https://aterpa.sharepoint.com//sites/A373_Projetos/Documentos Compartilhados/11.Sala Tecnica/07.MEIO AMBIENTE/01.LICENÇAS/MSV-163MS-AMBIENTAL/25.MA/MOTIVA_ASV_1053.8.2026.81034_Ano 02.pdf | P1908: =LD_01[[#This Row],[PASTA]]&"/"&LD_01[[#This Row],[ARQUIVO]] -> MSV-163MS-AMBIENTAL/25.MA/MOTIVA_ASV_1053.8.2026.81034_Ano 02.pdf
A1909: MOTIVA_ASV_1053.8.2026.82384 | B1909: =VLOOKUP(LD_01[[#This Row],[DOCUMENTO]],_xlfn.SORTBY(ARQUIVOS_RECEBIDOS!$E$2:$F$5010,ARQUIVOS_RECEBIDOS!$F$2:$F$5010,-1),2,) -> 2026 | C1909: 02 | D1909: LICENÇA | E1909: AMBIENTAL | F1909: AUTORIZAÇÃO DE SUPRESSÃO VEGETAL - ÁRVORES ISOLADAS | G1909: MEIO AMBIENTE | H1909: =_xlfn.XLOOKUP(LD_01[[#This Row],[DISCIPLINA]],'CLASSES DE PROJETOS'!$F$3:$F$37,'CLASSES DE PROJETOS'!$C$3:$C$37) -> MA | I1909: =_xlfn.TEXTJOIN("/",TRUE,"MSV-163MS-"&LD_01[[#This Row],[OBRA]],_xlfn.XLOOKUP(LD_01[[#This Row],[SIGLA]],'CLASSES DE PROJETOS'!$C$3:$C$37,'CLASSES DE PROJETOS'!$E$3:$E$37)) -> MSV-163MS-AMBIENTAL/25.MA | J1909: {=_xlfn.TEXTJOIN(",",TRUE,_xlfn._xlws.FILTER(ARQUIVOS[ARQUIVO],(ARQUIVOS[DOCUMENTO]=LD_01[[#This Row],[DOCUMENTO]])*(ARQUIVOS[REVISÃO]=LD_01[[#This Row],[REVISÃO]])*(ARQUIVOS[EXTENSÃO]="pdf")))} -> MOTIVA_ASV_1053.8.2026.82384_Árvores Isoladas.pdf | K1909: {=_xlfn.TEXTJOIN(", ",TRUE,_xlfn.UNIQUE(_xlfn._xlws.FILTER(ARQUIVOS_RECEBIDOS!$F$2:$F$5010,ARQUIVOS_RECEBIDOS!$E$2:$E$5010=LD_01[[#This Row],[DOCUMENTO]])))} -> 2026 | L1909: {=_xlfn.TEXTJOIN(",",TRUE,_xlfn._xlws.FILTER(ARQUIVOS[EXTENSÃO],(ARQUIVOS[DOCUMENTO]=LD_01[[#This Row],[DOCUMENTO]])*(ARQUIVOS[REVISÃO]=LD_01[[#This Row],[REVISÃO]])))} -> pdf | M1909: {=_xlfn.UNIQUE(_xlfn._xlws.FILTER(ARQUIVOS[DATA RECEBIMENTO],(ARQUIVOS[DOCUMENTO]=LD_01[[#This Row],[DOCUMENTO]])*(ARQUIVOS[REVISÃO]=LD_01[[#This Row],[REVISÃO]])))} -> 0 | N1909: https://aterpa.sharepoint.com//sites/A373_Projetos/Documentos Compartilhados/11.Sala Tecnica/07.MEIO AMBIENTE/01.LICENÇAS | O1909: =_xlfn.TEXTJOIN("/",TRUE,LD_01[[#This Row],[RAIZ SHAREPOINT]],LD_01[[#This Row],[PASTA]],LD_01[[#This Row],[ARQUIVO]]) -> https://aterpa.sharepoint.com//sites/A373_Projetos/Documentos Compartilhados/11.Sala Tecnica/07.MEIO AMBIENTE/01.LICENÇAS/MSV-163MS-AMBIENTAL/25.MA/MOTIVA_ASV_1053.8.2026.82384_Árvores Isoladas.pdf | P1909: =LD_01[[#This Row],[PASTA]]&"/"&LD_01[[#This Row],[ARQUIVO]] -> MSV-163MS-AMBIENTAL/25.MA/MOTIVA_ASV_1053.8.2026.82384_Árvores Isoladas.pdf
A1910: MOTIVA_LI Nº 1520-2025-01 | B1910: =VLOOKUP(LD_01[[#This Row],[DOCUMENTO]],_xlfn.SORTBY(ARQUIVOS_RECEBIDOS!$E$2:$F$5010,ARQUIVOS_RECEBIDOS!$F$2:$F$5010,-1),2,) -> Ano 01 | C1910: 01 | D1910: LICENÇA | E1910: AMBIENTAL | F1910: LICENÇA DE INSTALAÇÃO - ANO 02 | G1910: MEIO AMBIENTE | H1910: =_xlfn.XLOOKUP(LD_01[[#This Row],[DISCIPLINA]],'CLASSES DE PROJETOS'!$F$3:$F$37,'CLASSES DE PROJETOS'!$C$3:$C$37) -> MA | I1910: =_xlfn.TEXTJOIN("/",TRUE,"MSV-163MS-"&LD_01[[#This Row],[OBRA]],_xlfn.XLOOKUP(LD_01[[#This Row],[SIGLA]],'CLASSES DE PROJETOS'!$C$3:$C$37,'CLASSES DE PROJETOS'!$E$3:$E$37)) -> MSV-163MS-AMBIENTAL/25.MA | J1910: {=_xlfn.TEXTJOIN(",",TRUE,_xlfn._xlws.FILTER(ARQUIVOS[ARQUIVO],(ARQUIVOS[DOCUMENTO]=LD_01[[#This Row],[DOCUMENTO]])*(ARQUIVOS[REVISÃO]=LD_01[[#This Row],[REVISÃO]])*(ARQUIVOS[EXTENSÃO]="pdf")))} -> MOTIVA_LI Nº 1520-2025_Ano 01.pdf | K1910: {=_xlfn.TEXTJOIN(", ",TRUE,_xlfn.UNIQUE(_xlfn._xlws.FILTER(ARQUIVOS_RECEBIDOS!$F$2:$F$5010,ARQUIVOS_RECEBIDOS!$E$2:$E$5010=LD_01[[#This Row],[DOCUMENTO]])))} -> Ano 01 | L1910: {=_xlfn.TEXTJOIN(",",TRUE,_xlfn._xlws.FILTER(ARQUIVOS[EXTENSÃO],(ARQUIVOS[DOCUMENTO]=LD_01[[#This Row],[DOCUMENTO]])*(ARQUIVOS[REVISÃO]=LD_01[[#This Row],[REVISÃO]])))} -> pdf | M1910: {=_xlfn.UNIQUE(_xlfn._xlws.FILTER(ARQUIVOS[DATA RECEBIMENTO],(ARQUIVOS[DOCUMENTO]=LD_01[[#This Row],[DOCUMENTO]])*(ARQUIVOS[REVISÃO]=LD_01[[#This Row],[REVISÃO]])))} -> 0 | N1910: https://aterpa.sharepoint.com//sites/A373_Projetos/Documentos Compartilhados/11.Sala Tecnica/07.MEIO AMBIENTE/01.LICENÇAS | O1910: =_xlfn.TEXTJOIN("/",TRUE,LD_01[[#This Row],[RAIZ SHAREPOINT]],LD_01[[#This Row],[PASTA]],LD_01[[#This Row],[ARQUIVO]]) -> https://aterpa.sharepoint.com//sites/A373_Projetos/Documentos Compartilhados/11.Sala Tecnica/07.MEIO AMBIENTE/01.LICENÇAS/MSV-163MS-AMBIENTAL/25.MA/MOTIVA_LI Nº 1520-2025_Ano 01.pdf | P1910: =LD_01[[#This Row],[PASTA]]&"/"&LD_01[[#This Row],[ARQUIVO]] -> MSV-163MS-AMBIENTAL/25.MA/MOTIVA_LI Nº 1520-2025_Ano 01.pdf
A1911: MOTIVA_LI Nº 1520-2025-02 | B1911: =VLOOKUP(LD_01[[#This Row],[DOCUMENTO]],_xlfn.SORTBY(ARQUIVOS_RECEBIDOS!$E$2:$F$5010,ARQUIVOS_RECEBIDOS!$F$2:$F$5010,-1),2,) -> Ano 02 | C1911: 02 | D1911: LICENÇA | E1911: AMBIENTAL | F1911: LICENÇA DE INSTALAÇÃO - ANO 01 | G1911: MEIO AMBIENTE | H1911: =_xlfn.XLOOKUP(LD_01[[#This Row],[DISCIPLINA]],'CLASSES DE PROJETOS'!$F$3:$F$37,'CLASSES DE PROJETOS'!$C$3:$C$37) -> MA | I1911: =_xlfn.TEXTJOIN("/",TRUE,"MSV-163MS-"&LD_01[[#This Row],[OBRA]],_xlfn.XLOOKUP(LD_01[[#This Row],[SIGLA]],'CLASSES DE PROJETOS'!$C$3:$C$37,'CLASSES DE PROJETOS'!$E$3:$E$37)) -> MSV-163MS-AMBIENTAL/25.MA | J1911: {=_xlfn.TEXTJOIN(",",TRUE,_xlfn._xlws.FILTER(ARQUIVOS[ARQUIVO],(ARQUIVOS[DOCUMENTO]=LD_01[[#This Row],[DOCUMENTO]])*(ARQUIVOS[REVISÃO]=LD_01[[#This Row],[REVISÃO]])*(ARQUIVOS[EXTENSÃO]="pdf")))} -> MOTIVA_LI Nº 1520-2025_1ª Retificação_Ano 02.pdf | K1911: {=_xlfn.TEXTJOIN(", ",TRUE,_xlfn.UNIQUE(_xlfn._xlws.FILTER(ARQUIVOS_RECEBIDOS!$F$2:$F$5010,ARQUIVOS_RECEBIDOS!$E$2:$E$5010=LD_01[[#This Row],[DOCUMENTO]])))} -> Ano 02 | L1911: {=_xlfn.TEXTJOIN(",",TRUE,_xlfn._xlws.FILTER(ARQUIVOS[EXTENSÃO],(ARQUIVOS[DOCUMENTO]=LD_01[[#This Row],[DOCUMENTO]])*(ARQUIVOS[REVISÃO]=LD_01[[#This Row],[REVISÃO]])))} -> pdf | M1911: {=_xlfn.UNIQUE(_xlfn._xlws.FILTER(ARQUIVOS[DATA RECEBIMENTO],(ARQUIVOS[DOCUMENTO]=LD_01[[#This Row],[DOCUMENTO]])*(ARQUIVOS[REVISÃO]=LD_01[[#This Row],[REVISÃO]])))} -> 0 | N1911: https://aterpa.sharepoint.com//sites/A373_Projetos/Documentos Compartilhados/11.Sala Tecnica/07.MEIO AMBIENTE/01.LICENÇAS | O1911: =_xlfn.TEXTJOIN("/",TRUE,LD_01[[#This Row],[RAIZ SHAREPOINT]],LD_01[[#This Row],[PASTA]],LD_01[[#This Row],[ARQUIVO]]) -> https://aterpa.sharepoint.com//sites/A373_Projetos/Documentos Compartilhados/11.Sala Tecnica/07.MEIO AMBIENTE/01.LICENÇAS/MSV-163MS-AMBIENTAL/25.MA/MOTIVA_LI Nº 1520-2025_1ª Retificação_Ano 02.pdf | P1911: =LD_01[[#This Row],[PASTA]]&"/"&LD_01[[#This Row],[ARQUIVO]] -> MSV-163MS-AMBIENTAL/25.MA/MOTIVA_LI Nº 1520-2025_1ª Retificação_Ano 02.pdf
A1912: MOTIVA_LO Nº 1508-2019 | B1912: =VLOOKUP(LD_01[[#This Row],[DOCUMENTO]],_xlfn.SORTBY(ARQUIVOS_RECEBIDOS!$E$2:$F$5010,ARQUIVOS_RECEBIDOS!$F$2:$F$5010,-1),2,) -> Geral | D1912: LICENÇA | E1912: AMBIENTAL | F1912: LICENÇA DE OPERAÇÃO BR163/MS | G1912: MEIO AMBIENTE | H1912: =_xlfn.XLOOKUP(LD_01[[#This Row],[DISCIPLINA]],'CLASSES DE PROJETOS'!$F$3:$F$37,'CLASSES DE PROJETOS'!$C$3:$C$37) -> MA | I1912: =_xlfn.TEXTJOIN("/",TRUE,"MSV-163MS-"&LD_01[[#This Row],[OBRA]],_xlfn.XLOOKUP(LD_01[[#This Row],[SIGLA]],'CLASSES DE PROJETOS'!$C$3:$C$37,'CLASSES DE PROJETOS'!$E$3:$E$37)) -> MSV-163MS-AMBIENTAL/25.MA | J1912: {=_xlfn.TEXTJOIN(",",TRUE,_xlfn._xlws.FILTER(ARQUIVOS[ARQUIVO],(ARQUIVOS[DOCUMENTO]=LD_01[[#This Row],[DOCUMENTO]])*(ARQUIVOS[REVISÃO]=LD_01[[#This Row],[REVISÃO]])*(ARQUIVOS[EXTENSÃO]="pdf")))} -> MOTIVA_LO Nº 1508-2019.pdf | K1912: {=_xlfn.TEXTJOIN(", ",TRUE,_xlfn.UNIQUE(_xlfn._xlws.FILTER(ARQUIVOS_RECEBIDOS!$F$2:$F$5010,ARQUIVOS_RECEBIDOS!$E$2:$E$5010=LD_01[[#This Row],[DOCUMENTO]])))} -> Geral | L1912: {=_xlfn.TEXTJOIN(",",TRUE,_xlfn._xlws.FILTER(ARQUIVOS[EXTENSÃO],(ARQUIVOS[DOCUMENTO]=LD_01[[#This Row],[DOCUMENTO]])*(ARQUIVOS[REVISÃO]=LD_01[[#This Row],[REVISÃO]])))} -> pdf | M1912: {=_xlfn.UNIQUE(_xlfn._xlws.FILTER(ARQUIVOS[DATA RECEBIMENTO],(ARQUIVOS[DOCUMENTO]=LD_01[[#This Row],[DOCUMENTO]])*(ARQUIVOS[REVISÃO]=LD_01[[#This Row],[REVISÃO]])))} -> 0 | N1912: https://aterpa.sharepoint.com//sites/A373_Projetos/Documentos Compartilhados/11.Sala Tecnica/07.MEIO AMBIENTE/01.LICENÇAS | O1912: =_xlfn.TEXTJOIN("/",TRUE,LD_01[[#This Row],[RAIZ SHAREPOINT]],LD_01[[#This Row],[PASTA]],LD_01[[#This Row],[ARQUIVO]]) -> https://aterpa.sharepoint.com//sites/A373_Projetos/Documentos Compartilhados/11.Sala Tecnica/07.MEIO AMBIENTE/01.LICENÇAS/MSV-163MS-AMBIENTAL/25.MA/MOTIVA_LO Nº 1508-2019.pdf | P1912: =LD_01[[#This Row],[PASTA]]&"/"&LD_01[[#This Row],[ARQUIVO]] -> MSV-163MS-AMBIENTAL/25.MA/MOTIVA_LO Nº 1508-2019.pdf
A1913: LIO_Captação de Água Bruta_Nº 83.003.180-2026 | B1913: =VLOOKUP(LD_01[[#This Row],[DOCUMENTO]],_xlfn.SORTBY(ARQUIVOS_RECEBIDOS!$E$2:$F$5010,ARQUIVOS_RECEBIDOS!$F$2:$F$5010,-1),2,) -> R00 | D1913: LICENÇA | E1913: AGUA | F1913: LICENÇA DE CAPTAÇÃO DE ÁGUA BRUTA - KM 452 - 501 - 690 | G1913: MEIO AMBIENTE | H1913: =_xlfn.XLOOKUP(LD_01[[#This Row],[DISCIPLINA]],'CLASSES DE PROJETOS'!$F$3:$F$37,'CLASSES DE PROJETOS'!$C$3:$C$37) -> MA | I1913: =_xlfn.TEXTJOIN("/",TRUE,"MSV-163MS-"&LD_01[[#This Row],[OBRA]],_xlfn.XLOOKUP(LD_01[[#This Row],[SIGLA]],'CLASSES DE PROJETOS'!$C$3:$C$37,'CLASSES DE PROJETOS'!$E$3:$E$37)) -> MSV-163MS-AGUA/25.MA | J1913: {=_xlfn.TEXTJOIN(",",TRUE,_xlfn._xlws.FILTER(ARQUIVOS[ARQUIVO],(ARQUIVOS[DOCUMENTO]=LD_01[[#This Row],[DOCUMENTO]])*(ARQUIVOS[REVISÃO]=LD_01[[#This Row],[REVISÃO]])*(ARQUIVOS[EXTENSÃO]="pdf")))} -> LIO_Captação de Água Bruta_452,501,690_Nº 83.003.180-2026.pdf | K1913: {=_xlfn.TEXTJOIN(", ",TRUE,_xlfn.UNIQUE(_xlfn._xlws.FILTER(ARQUIVOS_RECEBIDOS!$F$2:$F$5010,ARQUIVOS_RECEBIDOS!$E$2:$E$5010=LD_01[[#This Row],[DOCUMENTO]])))} -> R00 | L1913: {=_xlfn.TEXTJOIN(",",TRUE,_xlfn._xlws.FILTER(ARQUIVOS[EXTENSÃO],(ARQUIVOS[DOCUMENTO]=LD_01[[#This Row],[DOCUMENTO]])*(ARQUIVOS[REVISÃO]=LD_01[[#This Row],[REVISÃO]])))} -> pdf | M1913: {=_xlfn.UNIQUE(_xlfn._xlws.FILTER(ARQUIVOS[DATA RECEBIMENTO],(ARQUIVOS[DOCUMENTO]=LD_01[[#This Row],[DOCUMENTO]])*(ARQUIVOS[REVISÃO]=LD_01[[#This Row],[REVISÃO]])))} -> 0 | N1913: https://aterpa.sharepoint.com//sites/A373_Projetos/Documentos Compartilhados/11.Sala Tecnica/07.MEIO AMBIENTE/01.LICENÇAS | O1913: =_xlfn.TEXTJOIN("/",TRUE,LD_01[[#This Row],[RAIZ SHAREPOINT]],LD_01[[#This Row],[PASTA]],LD_01[[#This Row],[ARQUIVO]]) -> https://aterpa.sharepoint.com//sites/A373_Projetos/Documentos Compartilhados/11.Sala Tecnica/07.MEIO AMBIENTE/01.LICENÇAS/MSV-163MS-AGUA/25.MA/LIO_Captação de Água Bruta_452,501,690_Nº 83.003.180-2026.pdf | P1913: =LD_01[[#This Row],[PASTA]]&"/"&LD_01[[#This Row],[ARQUIVO]] -> MSV-163MS-AGUA/25.MA/LIO_Captação de Água Bruta_452,501,690_Nº 83.003.180-2026.pdf
A1914: LIO_Captação de Água Bruta_Nº 83.039.682-2026 | B1914: =VLOOKUP(LD_01[[#This Row],[DOCUMENTO]],_xlfn.SORTBY(ARQUIVOS_RECEBIDOS!$E$2:$F$5010,ARQUIVOS_RECEBIDOS!$F$2:$F$5010,-1),2,) -> R00 | D1914: LICENÇA | E1914: AGUA | F1914: LICENÇA DE CAPTAÇÃO DE CAPTAÇÃO DE ÁGUA BRUTA - KM 628 - 647 | G1914: MEIO AMBIENTE | H1914: =_xlfn.XLOOKUP(LD_01[[#This Row],[DISCIPLINA]],'CLASSES DE PROJETOS'!$F$3:$F$37,'CLASSES DE PROJETOS'!$C$3:$C$37) -> MA | I1914: =_xlfn.TEXTJOIN("/",TRUE,"MSV-163MS-"&LD_01[[#This Row],[OBRA]],_xlfn.XLOOKUP(LD_01[[#This Row],[SIGLA]],'CLASSES DE PROJETOS'!$C$3:$C$37,'CLASSES DE PROJETOS'!$E$3:$E$37)) -> MSV-163MS-AGUA/25.MA | J1914: {=_xlfn.TEXTJOIN(",",TRUE,_xlfn._xlws.FILTER(ARQUIVOS[ARQUIVO],(ARQUIVOS[DOCUMENTO]=LD_01[[#This Row],[DOCUMENTO]])*(ARQUIVOS[REVISÃO]=LD_01[[#This Row],[REVISÃO]])*(ARQUIVOS[EXTENSÃO]="pdf")))} -> LIO_Captação de Água Bruta_Km 628 e Km 647_Nº 83.039.682-2026.pdf | K1914: {=_xlfn.TEXTJOIN(", ",TRUE,_xlfn.UNIQUE(_xlfn._xlws.FILTER(ARQUIVOS_RECEBIDOS!$F$2:$F$5010,ARQUIVOS_RECEBIDOS!$E$2:$E$5010=LD_01[[#This Row],[DOCUMENTO]])))} -> R00 | L1914: {=_xlfn.TEXTJOIN(",",TRUE,_xlfn._xlws.FILTER(ARQUIVOS[EXTENSÃO],(ARQUIVOS[DOCUMENTO]=LD_01[[#This Row],[DOCUMENTO]])*(ARQUIVOS[REVISÃO]=LD_01[[#This Row],[REVISÃO]])))} -> pdf | M1914: {=_xlfn.UNIQUE(_xlfn._xlws.FILTER(ARQUIVOS[DATA RECEBIMENTO],(ARQUIVOS[DOCUMENTO]=LD_01[[#This Row],[DOCUMENTO]])*(ARQUIVOS[REVISÃO]=LD_01[[#This Row],[REVISÃO]])))} -> 0 | N1914: https://aterpa.sharepoint.com//sites/A373_Projetos/Documentos Compartilhados/11.Sala Tecnica/07.MEIO AMBIENTE/01.LICENÇAS | O1914: =_xlfn.TEXTJOIN("/",TRUE,LD_01[[#This Row],[RAIZ SHAREPOINT]],LD_01[[#This Row],[PASTA]],LD_01[[#This Row],[ARQUIVO]]) -> https://aterpa.sharepoint.com//sites/A373_Projetos/Documentos Compartilhados/11.Sala Tecnica/07.MEIO AMBIENTE/01.LICENÇAS/MSV-163MS-AGUA/25.MA/LIO_Captação de Água Bruta_Km 628 e Km 647_Nº 83.039.682-2026.pdf | P1914: =LD_01[[#This Row],[PASTA]]&"/"&LD_01[[#This Row],[ARQUIVO]] -> MSV-163MS-AGUA/25.MA/LIO_Captação de Água Bruta_Km 628 e Km 647_Nº 83.039.682-2026.pdf
A1915: LIO_Captação de Água Bruta_Nº 83.024.634-2026 | B1915: =VLOOKUP(LD_01[[#This Row],[DOCUMENTO]],_xlfn.SORTBY(ARQUIVOS_RECEBIDOS!$E$2:$F$5010,ARQUIVOS_RECEBIDOS!$F$2:$F$5010,-1),2,) -> R00 | D1915: LICENÇA | E1915: AGUA | F1915: LICENÇA DE CAPTAÇÃO DE CAPTAÇÃO DE ÁGUA BRUTA - NOVA ALVORADA DO SUL, MS - KM 359 - 373 - 382 | G1915: MEIO AMBIENTE | H1915: =_xlfn.XLOOKUP(LD_01[[#This Row],[DISCIPLINA]],'CLASSES DE PROJETOS'!$F$3:$F$37,'CLASSES DE PROJETOS'!$C$3:$C$37) -> MA | I1915: =_xlfn.TEXTJOIN("/",TRUE,"MSV-163MS-"&LD_01[[#This Row],[OBRA]],_xlfn.XLOOKUP(LD_01[[#This Row],[SIGLA]],'CLASSES DE PROJETOS'!$C$3:$C$37,'CLASSES DE PROJETOS'!$E$3:$E$37)) -> MSV-163MS-AGUA/25.MA | J1915: {=_xlfn.TEXTJOIN(",",TRUE,_xlfn._xlws.FILTER(ARQUIVOS[ARQUIVO],(ARQUIVOS[DOCUMENTO]=LD_01[[#This Row],[DOCUMENTO]])*(ARQUIVOS[REVISÃO]=LD_01[[#This Row],[REVISÃO]])*(ARQUIVOS[EXTENSÃO]="pdf")))} -> LIO_Captação de Água Bruta_Nova Alvorada do Sul-MS_Nº 83.024.634-2026.pdf | K1915: {=_xlfn.TEXTJOIN(", ",TRUE,_xlfn.UNIQUE(_xlfn._xlws.FILTER(ARQUIVOS_RECEBIDOS!$F$2:$F$5010,ARQUIVOS_RECEBIDOS!$E$2:$E$5010=LD_01[[#This Row],[DOCUMENTO]])))} -> R00 | L1915: {=_xlfn.TEXTJOIN(",",TRUE,_xlfn._xlws.FILTER(ARQUIVOS[EXTENSÃO],(ARQUIVOS[DOCUMENTO]=LD_01[[#This Row],[DOCUMENTO]])*(ARQUIVOS[REVISÃO]=LD_01[[#This Row],[REVISÃO]])))} -> pdf | M1915: {=_xlfn.UNIQUE(_xlfn._xlws.FILTER(ARQUIVOS[DATA RECEBIMENTO],(ARQUIVOS[DOCUMENTO]=LD_01[[#This Row],[DOCUMENTO]])*(ARQUIVOS[REVISÃO]=LD_01[[#This Row],[REVISÃO]])))} -> 0 | N1915: https://aterpa.sharepoint.com//sites/A373_Projetos/Documentos Compartilhados/11.Sala Tecnica/07.MEIO AMBIENTE/01.LICENÇAS | O1915: =_xlfn.TEXTJOIN("/",TRUE,LD_01[[#This Row],[RAIZ SHAREPOINT]],LD_01[[#This Row],[PASTA]],LD_01[[#This Row],[ARQUIVO]]) -> https://aterpa.sharepoint.com//sites/A373_Projetos/Documentos Compartilhados/11.Sala Tecnica/07.MEIO AMBIENTE/01.LICENÇAS/MSV-163MS-AGUA/25.MA/LIO_Captação de Água Bruta_Nova Alvorada do Sul-MS_Nº 83.024.634-2026.pdf | P1915: =LD_01[[#This Row],[PASTA]]&"/"&LD_01[[#This Row],[ARQUIVO]] -> MSV-163MS-AGUA/25.MA/LIO_Captação de Água Bruta_Nova Alvorada do Sul-MS_Nº 83.024.634-2026.pdf
A1916: ATERPA_LO CAMINHÃO_2031 | B1916: =VLOOKUP(LD_01[[#This Row],[DOCUMENTO]],_xlfn.SORTBY(ARQUIVOS_RECEBIDOS!$E$2:$F$5010,ARQUIVOS_RECEBIDOS!$F$2:$F$5010,-1),2,) -> R00 | D1916: LICENÇA | E1916: TRANSPORTE | F1916: LICENÇA DE TRANSPORTE DE PRODUTOS QUÍMICOS - COMBOIO E ESPARGIDOR | G1916: MEIO AMBIENTE | H1916: =_xlfn.XLOOKUP(LD_01[[#This Row],[DISCIPLINA]],'CLASSES DE PROJETOS'!$F$3:$F$37,'CLASSES DE PROJETOS'!$C$3:$C$37) -> MA | I1916: =_xlfn.TEXTJOIN("/",TRUE,"MSV-163MS-"&LD_01[[#This Row],[OBRA]],_xlfn.XLOOKUP(LD_01[[#This Row],[SIGLA]],'CLASSES DE PROJETOS'!$C$3:$C$37,'CLASSES DE PROJETOS'!$E$3:$E$37)) -> MSV-163MS-TRANSPORTE/25.MA | J1916: {=_xlfn.TEXTJOIN(",",TRUE,_xlfn._xlws.FILTER(ARQUIVOS[ARQUIVO],(ARQUIVOS[DOCUMENTO]=LD_01[[#This Row],[DOCUMENTO]])*(ARQUIVOS[REVISÃO]=LD_01[[#This Row],[REVISÃO]])*(ARQUIVOS[EXTENSÃO]="pdf")))} -> CONSTRUTORA ATERPA_LO CAMINHÃO COMBOIO-ESPARGIDOR_2031.pdf | K1916: {=_xlfn.TEXTJOIN(", ",TRUE,_xlfn.UNIQUE(_xlfn._xlws.FILTER(ARQUIVOS_RECEBIDOS!$F$2:$F$5010,ARQUIVOS_RECEBIDOS!$E$2:$E$5010=LD_01[[#This Row],[DOCUMENTO]])))} -> R00 | L1916: {=_xlfn.TEXTJOIN(",",TRUE,_xlfn._xlws.FILTER(ARQUIVOS[EXTENSÃO],(ARQUIVOS[DOCUMENTO]=LD_01[[#This Row],[DOCUMENTO]])*(ARQUIVOS[REVISÃO]=LD_01[[#This Row],[REVISÃO]])))} -> pdf | M1916: {=_xlfn.UNIQUE(_xlfn._xlws.FILTER(ARQUIVOS[DATA RECEBIMENTO],(ARQUIVOS[DOCUMENTO]=LD_01[[#This Row],[DOCUMENTO]])*(ARQUIVOS[REVISÃO]=LD_01[[#This Row],[REVISÃO]])))} -> 0 | N1916: https://aterpa.sharepoint.com//sites/A373_Projetos/Documentos Compartilhados/11.Sala Tecnica/07.MEIO AMBIENTE/01.LICENÇAS | O1916: =_xlfn.TEXTJOIN("/",TRUE,LD_01[[#This Row],[RAIZ SHAREPOINT]],LD_01[[#This Row],[PASTA]],LD_01[[#This Row],[ARQUIVO]]) -> https://aterpa.sharepoint.com//sites/A373_Projetos/Documentos Compartilhados/11.Sala Tecnica/07.MEIO AMBIENTE/01.LICENÇAS/MSV-163MS-TRANSPORTE/25.MA/CONSTRUTORA ATERPA_LO CAMINHÃO COMBOIO-ESPARGIDOR_2031.pdf | P1916: =LD_01[[#This Row],[PASTA]]&"/"&LD_01[[#This Row],[ARQUIVO]] -> MSV-163MS-TRANSPORTE/25.MA/CONSTRUTORA ATERPA_LO CAMINHÃO COMBOIO-ESPARGIDOR_2031.pdf
A1917: Mapa sintese intervenções Dup. ANO 02 | B1917: Ano 02 | C1917: 02 | D1917: LICENÇA | E1917: AMBIENTAL | F1917: MAPA SÍNTESE DE INTERVENÇÕES - DUPLICAÇÕES - ANO 02 | G1917: MEIO AMBIENTE | H1917: =_xlfn.XLOOKUP(LD_01[[#This Row],[DISCIPLINA]],'CLASSES DE PROJETOS'!$F$3:$F$37,'CLASSES DE PROJETOS'!$C$3:$C$37) -> MA | I1917: =_xlfn.TEXTJOIN("/",TRUE,"MSV-163MS-"&LD_01[[#This Row],[OBRA]],_xlfn.XLOOKUP(LD_01[[#This Row],[SIGLA]],'CLASSES DE PROJETOS'!$C$3:$C$37,'CLASSES DE PROJETOS'!$E$3:$E$37)) -> MSV-163MS-AMBIENTAL/25.MA | J1917: {=_xlfn.TEXTJOIN(",",TRUE,_xlfn._xlws.FILTER(ARQUIVOS[ARQUIVO],(ARQUIVOS[DOCUMENTO]=LD_01[[#This Row],[DOCUMENTO]])*(ARQUIVOS[REVISÃO]=LD_01[[#This Row],[REVISÃO]])*(ARQUIVOS[EXTENSÃO]="pdf")))} -> Mapa sintese intervenções Dup. ANO 02.pdf | K1917: {=_xlfn.TEXTJOIN(", ",TRUE,_xlfn.UNIQUE(_xlfn._xlws.FILTER(ARQUIVOS_RECEBIDOS!$F$2:$F$5010,ARQUIVOS_RECEBIDOS!$E$2:$E$5010=LD_01[[#This Row],[DOCUMENTO]])))} -> Ano 02 | L1917: {=_xlfn.TEXTJOIN(",",TRUE,_xlfn._xlws.FILTER(ARQUIVOS[EXTENSÃO],(ARQUIVOS[DOCUMENTO]=LD_01[[#This Row],[DOCUMENTO]])*(ARQUIVOS[REVISÃO]=LD_01[[#This Row],[REVISÃO]])))} -> pdf | M1917: {=_xlfn.UNIQUE(_xlfn._xlws.FILTER(ARQUIVOS[DATA RECEBIMENTO],(ARQUIVOS[DOCUMENTO]=LD_01[[#This Row],[DOCUMENTO]])*(ARQUIVOS[REVISÃO]=LD_01[[#This Row],[REVISÃO]])))} -> 0 | N1917: https://aterpa.sharepoint.com//sites/A373_Projetos/Documentos Compartilhados/11.Sala Tecnica/07.MEIO AMBIENTE/01.LICENÇAS | O1917: =_xlfn.TEXTJOIN("/",TRUE,LD_01[[#This Row],[RAIZ SHAREPOINT]],LD_01[[#This Row],[PASTA]],LD_01[[#This Row],[ARQUIVO]]) -> https://aterpa.sharepoint.com//sites/A373_Projetos/Documentos Compartilhados/11.Sala Tecnica/07.MEIO AMBIENTE/01.LICENÇAS/MSV-163MS-AMBIENTAL/25.MA/Mapa sintese intervenções Dup. ANO 02.pdf | P1917: =LD_01[[#This Row],[PASTA]]&"/"&LD_01[[#This Row],[ARQUIVO]] -> MSV-163MS-AMBIENTAL/25.MA/Mapa sintese intervenções Dup. ANO 02.pdf

Sheet Planilha2
B2: RAIZ | C2: SEQUENCIAL
B3: MSV-163MS-452-454-ACA-EXE-DE-H2 | C3: 1 | D3: 2 | E3: 3 | F3: 4 | G3: 101 | H3: 102
B4: MSV-163MS-452-454-ACA-EXE-MC-H2 | C4: 1
B5: MSV-163MS-452-454-ACA-EXE-MD-H1 | C5: 1
B6: MSV-163MS-452-454-ACA-EXE-DE-O2 | C6: 1 | D6: 2 | E6: 3 | F6: 4 | G6: 5
B7: MSV-163MS-452-454-ACA-EXE-MD-O2 | C7: 1
B8: MSV-163MS-452-454-ACA-EXE-DE-F1 | C8: 1 | D8: 2 | E8: 3 | F8: 4
B9: MSV-163MS-452-454-ACA-EXE-RT-F1 | C9: 1
B10: MSV-163MS-452-454-ACA-EXE-DE-D3 | C10: 1 | D10: 2 | E10: 3
B11: MSV-163MS-452-454-ACA-EXE-RT-D3 | C11: 1 | D11: 101
B12: MSV-163MS-452-454-ACA-EXE-DE-M1 | C12: 1 | D12: 2
B13: MSV-163MS-452-454-ACA-EXE-RT-M1 | C13: 1
B14: MSV-163MS-452-454-ACA-EXE-DE-N2 | C14: 1 | D14: 2
B15: MSV-163MS-452-454-ACA-EXE-MD-N2 | C15: 1
B16: MSV-163MS-452-454-ACA-EXE-DE-I2 | C16: 1 | D16: 2 | E16: 3 | F16: 4 | G16: 5
B17: MSV-163MS-452-454-ACA-EXE-MD-I2 | C17: 1
B18: MSV-163MS-452-454-ACA-EXE-NS-C3 | C18: 1
B19: MSV-163MS-452-454-ACA-EXE-DE-J1 | C19: 1 | D19: 2 | E19: 3 | F19: 4 | G19: 5
B20: MSV-163MS-452-454-ACA-EXE-MD-J1 | C20: 1
B21: MSV-163MS-452-454-ACA-EXE-DE-G1 | C21: 1 | D21: 2 | E21: 3 | F21: 4
B22: MSV-163MS-452-454-ACA-EXE-MC-G1 | C22: 1
B23: MSV-163MS-452-454-ACA-EXE-DE-C1 | C23: 1 | D23: 2
B24: MSV-163MS-452-454-ACA-EXE-RT-C1 | C24: 1
B25: MSV-163MS-452-454-ACA-EXE-RT-E1 | C25: 1
B26: MSV-163MS-454-460-ACA-EXE-DE-H1 | C26: 201
B27: MSV-163MS-454-460-ACA-EXE-DE-H2 | C27: 1 | D27: 2 | E27: 3 | F27: 4 | G27: 5 | H27: 6 | I27: 7 | J27: 8 | K27: 9 | L27: 10 | M27: 11 | N27: 12 | O27: 13 | P27: 101 | Q27: 102 | R27: 103 | S27: 104 | T27: 107
B28: MSV-163MS-454-460-ACA-EXE-MC-H2 | C28: 1
B29: MSV-163MS-454-460-ACA-EXE-MD-H1 | C29: 1
B30: MSV-163MS-454-460-ACA-EXE-DE-Q1 | C30: 1 | D30: 2 | E30: 3 | F30: 4 | G30: 5 | H30: 6
B31: MSV-163MS-454-460-ACA-EXE-MD-Q1 | C31: 1
B32: MSV-163MS-454-460-ACA-EXE-DE-O2 | C32: 1 | D32: 2 | E32: 3 | F32: 4 | G32: 5 | H32: 6 | I32: 7 | J32: 8 | K32: 9 | L32: 10 | M32: 11 | N32: 12 | O32: 13
B33: MSV-163MS-454-460-ACA-EXE-MD-O2 | C33: 1
B34: MSV-163MS-454-460-ACA-EXE-DE-K2 | C34: 1 | D34: 2 | E34: 3 | F34: 4 | G34: 5
B35: MSV-163MS-454-460-ACA-EXE-MC-K2 | C35: 1 | D35: 2
B36: MSV-163MS-454-460-ACA-EXE-MD-K2 | C36: 1
B37: MSV-163MS-454-460-ACA-EXE-DE-L2 | C37: 1 | D37: 2 | E37: 3 | F37: 4 | G37: 5 | H37: 6 | I37: 7
B38: MSV-163MS-454-460-ACA-EXE-MC-L2 | C38: 1
B39: MSV-163MS-454-460-ACA-EXE-DE-F1 | C39: 1 | D39: 2 | E39: 3 | F39: 4 | G39: 5 | H39: 6 | I39: 7 | J39: 8 | K39: 9 | L39: 10 | M39: 11 | N39: 12 | O39: 13 | P39: 14 | Q39: 15
B40: MSV-163MS-454-460-ACA-EXE-RT-F1 | C40: 1
B41: MSV-163MS-454-460-ACA-EXE-DE-D3 | C41: 1 | D41: 2 | E41: 3 | F41: 4 | G41: 5 | H41: 6 | I41: 7 | J41: 8 | K41: 9 | L41: 10 | M41: 11 | N41: 12 | O41: 13 | P41: 14 | Q41: 101 | R41: 102
B42: MSV-163MS-454-460-ACA-EXE-RT-D3 | C42: 1 | D42: 2 | E42: 3 | F42: 4 | G42: 101 | H42: 201 | I42: 202
B43: MSV-163MS-454-460-ACA-EXE-DE-M1 | C43: 1 | D43: 2 | E43: 3 | F43: 4 | G43: 5 | H43: 6
B44: MSV-163MS-454-460-ACA-EXE-RT-M1 | C44: 1
B45: MSV-163MS-454-460-ACA-EXE-DE-N2 | C45: 1 | D45: 2 | E45: 3 | F45: 4 | G45: 5 | H45: 6
B46: MSV-163MS-454-460-ACA-EXE-MD-N2 | C46: 1
B47: MSV-163MS-454-460-ACA-EXE-DE-I2 | C47: 1 | D47: 2 | E47: 3 | F47: 4 | G47: 5 | H47: 6 | I47: 7 | J47: 8 | K47: 9 | L47: 10 | M47: 11 | N47: 12 | O47: 13 | P47: 14 | Q47: 15 | R47: 16
B48: MSV-163MS-454-460-ACA-EXE-MD-I2 | C48: 1 | D48: 101
B49: MSV-163MS-454-460-ACA-EXE-NS-C3 | C49: 1 | D49: 2
B50: MSV-163MS-454-460-ACA-EXE-DE-J1 | C50: 1 | D50: 2 | E50: 3 | F50: 4 | G50: 5 | H50: 6 | I50: 7 | J50: 8 | K50: 9 | L50: 10
B51: MSV-163MS-454-460-ACA-EXE-MD-J1 | C51: 1
B52: MSV-163MS-454-460-ACA-EXE-DE-G1 | C52: 1 | D52: 2 | E52: 3 | F52: 4 | G52: 5 | H52: 6 | I52: 7 | J52: 8 | K52: 9 | L52: 10 | M52: 11 | N52: 12 | O52: 13 | P52: 14 | Q52: 15 | R52: 16 | S52: 17 | T52: 18 | U52: 19 | V52: 20 | W52: 101 | X52: 102
B53: MSV-163MS-454-460-ACA-EXE-MC-G1 | C53: 1
B54: MSV-163MS-454-460-ACA-EXE-DE-C1 | C54: 1 | D54: 2 | E54: 3 | F54: 4 | G54: 5 | H54: 6
B55: MSV-163MS-454-460-ACA-EXE-RT-C1 | C55: 1
B56: MSV-163MS-454-460-ACA-EXE-RT-E1 | C56: 1
B57: MSV-163MS-454-460-ACA-EXE-DE-J2 | C57: 101
B58: MSV-163MS-454-460-ACA-EXE-MD-J2 | C58: 1
B59: MSV-163MS-510-511-ACA-EXE-DE-H2 | C59: 1 | D59: 2 | E59: 3 | F59: 4 | G59: 101 | H59: 102 | I59: 103 | J59: 104 | K59: 105
B60: MSV-163MS-510-511-ACA-EXE-MC-H2 | C60: 1
B61: MSV-163MS-510-511-ACA-EXE-MD-H1 | C61: 1
B62: MSV-163MS-510-511-ACA-EXE-DE-O2 | C62: 1 | D62: 2 | E62: 3 | F62: 4 | G62: 5 | H62: 6
B63: MSV-163MS-510-511-ACA-EXE-MD-O2 | C63: 1
B64: MSV-163MS-510-511-ACA-EXE-DE-K2 | C64: 1 | D64: 2 | E64: 3 | F64: 4 | G64: 5
B65: MSV-163MS-510-511-ACA-EXE-MC-K2 | C65: 1 | D65: 2
B66: MSV-163MS-510-511-ACA-EXE-MD-K2 | C66: 1
B67: MSV-163MS-510-511-ACA-EXE-DE-F1 | C67: 1 | D67: 2 | E67: 3 | F67: 4 | G67: 5
B68: MSV-163MS-510-511-ACA-EXE-RT-F1 | C68: 1
B69: MSV-163MS-510-511-ACA-EXE-DE-D3 | C69: 1 | D69: 2 | E69: 3
B70: MSV-163MS-510-511-ACA-EXE-RT-D3 | C70: 1 | D70: 101 | E70: 201
B71: MSV-163MS-510-511-ACA-EXE-DE-M1 | C71: 1 | D71: 2
B72: MSV-163MS-510-511-ACA-EXE-RT-M1 | C72: 1
B73: MSV-163MS-510-511-ACA-EXE-DE-N2 | C73: 1 | D73: 2
B74: MSV-163MS-510-511-ACA-EXE-MD-N2 | C74: 1
B75: MSV-163MS-510-511-ACA-EXE-DE-I2 | C75: 1 | D75: 2 | E75: 3 | F75: 4 | G75: 5
B76: MSV-163MS-510-511-ACA-EXE-MD-I2 | C76: 1
B77: MSV-163MS-510-511-ACA-EXE-NS-C3 | C77: 1
B78: MSV-163MS-510-511-ACA-EXE-DE-J1 | C78: 1 | D78: 2 | E78: 3 | F78: 4 | G78: 5
B79: MSV-163MS-510-511-ACA-EXE-MD-J1 | C79: 1
B80: MSV-163MS-510-511-ACA-EXE-DE-G1 | C80: 1 | D80: 2 | E80: 3 | F80: 4 | G80: 5 | H80: 6 | I80: 7 | J80: 8 | K80: 101 | L80: 102
B81: MSV-163MS-510-511-ACA-EXE-MC-G1 | C81: 1
B82: MSV-163MS-510-511-ACA-EXE-DE-C1 | C82: 1 | D82: 2
B83: MSV-163MS-510-511-ACA-EXE-RT-C1 | C83: 1
B84: MSV-163MS-510-511-ACA-EXE-RT-E1 | C84: 1
B85: MSV-163MS-512+760-ACE-EXE-DE-H2 | C85: 1 | D85: 2 | E85: 101
B86: MSV-163MS-512+760-ACE-EXE-MC-H2 | C86: 1
B87: MSV-163MS-512+760-ACE-EXE-MD-H1 | C87: 1
B88: MSV-163MS-512+760-ACE-EXE-DE-O2 | C88: 1 | D88: 2
B89: MSV-163MS-512+760-ACE-EXE-MD-O2 | C89: 1
B90: MSV-163MS-512+760-ACE-EXE-DE-F1 | C90: 1
B91: MSV-163MS-512+760-ACE-EXE-RT-F1 | C91: 1
B92: MSV-163MS-512+760-ACE-EXE-DE-D3 | C92: 1
B93: MSV-163MS-512+760-ACE-EXE-RT-D3 | C93: 1 | D93: 101
B94: MSV-163MS-512+760-ACE-EXE-DE-M1 | C94: 1
B95: MSV-163MS-512+760-ACE-EXE-RT-M1 | C95: 1
B96: MSV-163MS-512+760-ACE-EXE-DE-N2 | C96: 1
B97: MSV-163MS-512+760-ACE-EXE-MD-N2 | C97: 1
B98: MSV-163MS-512+760-ACE-EXE-DE-I2 | C98: 1 | D98: 2
B99: MSV-163MS-512+760-ACE-EXE-MD-I2 | C99: 1
B100: MSV-163MS-512+760-ACE-EXE-NS-C3 | C100: 1
B101: MSV-163MS-512+760-ACE-EXE-DE-J1 | C101: 1 | D101: 2 | E101: 3 | F101: 4
...

Sheet ARQUIVOS_RECEBIDOS
A1: ARQUIVO | B1: TAMANHO_BYTES | C1: ENVIO CLIENTE | D1: DATA RECEBIMENTO | E1: DOCUMENTO | F1: REVISÃO | G1: EXTENSÃO | H1: STATUS | I1: TRECHO | J1: RAIZ | K1: PASTA1 | L1: PASTA2 | M1: PASTA3 | N1: CAMINHO COMPLETO | O1: TIPO_ENVIO | P1: OBSERVAÇÕES
A2: MSV-163MS-452-454-ACA-EXE-DE-C1-001-R00.dwg | B2: 1710175 | C2: Ano01_Projetos01_30.06.2025 | D2: 45838 | E2: MSV-163MS-452-454-ACA-EXE-DE-C1-001 | F2: R00 | G2: dwg | H2: =IF(_xlfn.XLOOKUP(E2,LD_01[DOCUMENTO],LD_01[REVISÃO])=F2,"VIGENTE","OBSOLETO") -> VIGENTE | I2: 452-454 | J2: C:\Users\luis.nunes\OneDrive - ATERPA\00.SERVIDOR\SALA TÉCNICA\00.PROJETOS\02.DOCUMENTOS\ANO 01 | K2: ="MSV-163MS-"&I2 -> MSV-163MS-452-454 | L2: =_xlfn.XLOOKUP(E2,LD_PROJETOS!A:A,LD_PROJETOS!H:H) -> TO | M2: =IF(H2<>"OBSOLETO","",H2) | N2: =_xlfn.TEXTJOIN("\",TRUE,J2:M2) -> C:\Users\luis.nunes\OneDrive - ATERPA\00.SERVIDOR\SALA TÉCNICA\00.PROJETOS\02.DOCUMENTOS\ANO 01\MSV-163MS-452-454\TO | O2: NOVO
A3: MSV-163MS-452-454-ACA-EXE-DE-C1-001-R00.pdf | B3: 581959 | C3: Ano01_Projetos01_30.06.2025 | D3: 45838 | E3: MSV-163MS-452-454-ACA-EXE-DE-C1-001 | F3: R00 | G3: pdf | H3: =IF(_xlfn.XLOOKUP(E3,LD_01[DOCUMENTO],LD_01[REVISÃO])=F3,"VIGENTE","OBSOLETO") -> VIGENTE | I3: 452-454 | J3: C:\Users\luis.nunes\OneDrive - ATERPA\00.SERVIDOR\SALA TÉCNICA\00.PROJETOS\02.DOCUMENTOS\ANO 01 | K3: ="MSV-163MS-"&I3 -> MSV-163MS-452-454 | L3: =_xlfn.XLOOKUP(E3,LD_PROJETOS!A:A,LD_PROJETOS!H:H) -> TO | M3: =IF(H3<>"OBSOLETO","",H3) | N3: =_xlfn.TEXTJOIN("\",TRUE,J3:M3) -> C:\Users\luis.nunes\OneDrive - ATERPA\00.SERVIDOR\SALA TÉCNICA\00.PROJETOS\02.DOCUMENTOS\ANO 01\MSV-163MS-452-454\TO | O3: NOVO
A4: MSV-163MS-452-454-ACA-EXE-DE-C1-002-R00.dwg | B4: 1710004 | C4: Ano01_Projetos01_30.06.2025 | D4: 45838 | E4: MSV-163MS-452-454-ACA-EXE-DE-C1-002 | F4: R00 | G4: dwg | H4: =IF(_xlfn.XLOOKUP(E4,LD_01[DOCUMENTO],LD_01[REVISÃO])=F4,"VIGENTE","OBSOLETO") -> VIGENTE | I4: 452-454 | J4: C:\Users\luis.nunes\OneDrive - ATERPA\00.SERVIDOR\SALA TÉCNICA\00.PROJETOS\02.DOCUMENTOS\ANO 01 | K4: ="MSV-163MS-"&I4 -> MSV-163MS-452-454 | L4: =_xlfn.XLOOKUP(E4,LD_PROJETOS!A:A,LD_PROJETOS!H:H) -> TO | M4: =IF(H4<>"OBSOLETO","",H4) | N4: =_xlfn.TEXTJOIN("\",TRUE,J4:M4) -> C:\Users\luis.nunes\OneDrive - ATERPA\00.SERVIDOR\SALA TÉCNICA\00.PROJETOS\02.DOCUMENTOS\ANO 01\MSV-163MS-452-454\TO | O4: NOVO
A5: MSV-163MS-452-454-ACA-EXE-DE-C1-002-R00.pdf | B5: 463819 | C5: Ano01_Projetos01_30.06.2025 | D5: 45838 | E5: MSV-163MS-452-454-ACA-EXE-DE-C1-002 | F5: R00 | G5: pdf | H5: =IF(_xlfn.XLOOKUP(E5,LD_01[DOCUMENTO],LD_01[REVISÃO])=F5,"VIGENTE","OBSOLETO") -> VIGENTE | I5: 452-454 | J5: C:\Users\luis.nunes\OneDrive - ATERPA\00.SERVIDOR\SALA TÉCNICA\00.PROJETOS\02.DOCUMENTOS\ANO 01 | K5: ="MSV-163MS-"&I5 -> MSV-163MS-452-454 | L5: =_xlfn.XLOOKUP(E5,LD_PROJETOS!A:A,LD_PROJETOS!H:H) -> TO | M5: =IF(H5<>"OBSOLETO","",H5) | N5: =_xlfn.TEXTJOIN("\",TRUE,J5:M5) -> C:\Users\luis.nunes\OneDrive - ATERPA\00.SERVIDOR\SALA TÉCNICA\00.PROJETOS\02.DOCUMENTOS\ANO 01\MSV-163MS-452-454\TO | O5: NOVO
A6: MSV-163MS-452-454-ACA-EXE-DE-D3-001-R03.dwg | B6: 2344885 | C6: Ano01_Projetos01_30.06.2025 | D6: 45838 | E6: MSV-163MS-452-454-ACA-EXE-DE-D3-001 | F6: R03 | G6: dwg | H6: =IF(_xlfn.XLOOKUP(E6,LD_01[DOCUMENTO],LD_01[REVISÃO])=F6,"VIGENTE","OBSOLETO") -> VIGENTE | I6: 452-454 | J6: C:\Users\luis.nunes\OneDrive - ATERPA\00.SERVIDOR\SALA TÉCNICA\00.PROJETOS\02.DOCUMENTOS\ANO 01 | K6: ="MSV-163MS-"&I6 -> MSV-163MS-452-454 | L6: =_xlfn.XLOOKUP(E6,LD_PROJETOS!A:A,LD_PROJETOS!H:H) -> GG | M6: =IF(H6<>"OBSOLETO","",H6) | N6: =_xlfn.TEXTJOIN("\",TRUE,J6:M6) -> C:\Users\luis.nunes\OneDrive - ATERPA\00.SERVIDOR\SALA TÉCNICA\00.PROJETOS\02.DOCUMENTOS\ANO 01\MSV-163MS-452-454\GG | O6: NOVO
A7: MSV-163MS-452-454-ACA-EXE-DE-D3-001-R03.pdf | B7: 420121 | C7: Ano01_Projetos01_30.06.2025 | D7: 45838 | E7: MSV-163MS-452-454-ACA-EXE-DE-D3-001 | F7: R03 | G7: pdf | H7: =IF(_xlfn.XLOOKUP(E7,LD_01[DOCUMENTO],LD_01[REVISÃO])=F7,"VIGENTE","OBSOLETO") -> VIGENTE | I7: 452-454 | J7: C:\Users\luis.nunes\OneDrive - ATERPA\00.SERVIDOR\SALA TÉCNICA\00.PROJETOS\02.DOCUMENTOS\ANO 01 | K7: ="MSV-163MS-"&I7 -> MSV-163MS-452-454 | L7: =_xlfn.XLOOKUP(E7,LD_PROJETOS!A:A,LD_PROJETOS!H:H) -> GG | M7: =IF(H7<>"OBSOLETO","",H7) | N7: =_xlfn.TEXTJOIN("\",TRUE,J7:M7) -> C:\Users\luis.nunes\OneDrive - ATERPA\00.SERVIDOR\SALA TÉCNICA\00.PROJETOS\02.DOCUMENTOS\ANO 01\MSV-163MS-452-454\GG | O7: NOVO
A8: MSV-163MS-452-454-ACA-EXE-DE-D3-002-R03.dwg | B8: 3217146 | C8: Ano01_Projetos01_30.06.2025 | D8: 45838 | E8: MSV-163MS-452-454-ACA-EXE-DE-D3-002 | F8: R03 | G8: dwg | H8: =IF(_xlfn.XLOOKUP(E8,LD_01[DOCUMENTO],LD_01[REVISÃO])=F8,"VIGENTE","OBSOLETO") -> VIGENTE | I8: 452-454 | J8: C:\Users\luis.nunes\OneDrive - ATERPA\00.SERVIDOR\SALA TÉCNICA\00.PROJETOS\02.DOCUMENTOS\ANO 01 | K8: ="MSV-163MS-"&I8 -> MSV-163MS-452-454 | L8: =_xlfn.XLOOKUP(E8,LD_PROJETOS!A:A,LD_PROJETOS!H:H) -> GG | M8: =IF(H8<>"OBSOLETO","",H8) | N8: =_xlfn.TEXTJOIN("\",TRUE,J8:M8) -> C:\Users\luis.nunes\OneDrive - ATERPA\00.SERVIDOR\SALA TÉCNICA\00.PROJETOS\02.DOCUMENTOS\ANO 01\MSV-163MS-452-454\GG | O8: NOVO
A9: MSV-163MS-452-454-ACA-EXE-DE-D3-002-R03.pdf | B9: 437187 | C9: Ano01_Projetos01_30.06.2025 | D9: 45838 | E9: MSV-163MS-452-454-ACA-EXE-DE-D3-002 | F9: R03 | G9: pdf | H9: =IF(_xlfn.XLOOKUP(E9,LD_01[DOCUMENTO],LD_01[REVISÃO])=F9,"VIGENTE","OBSOLETO") -> VIGENTE | I9: 452-454 | J9: C:\Users\luis.nunes\OneDrive - ATERPA\00.SERVIDOR\SALA TÉCNICA\00.PROJETOS\02.DOCUMENTOS\ANO 01 | K9: ="MSV-163MS-"&I9 -> MSV-163MS-452-454 | L9: =_xlfn.XLOOKUP(E9,LD_PROJETOS!A:A,LD_PROJETOS!H:H) -> GG | M9: =IF(H9<>"OBSOLETO","",H9) | N9: =_xlfn.TEXTJOIN("\",TRUE,J9:M9) -> C:\Users\luis.nunes\OneDrive - ATERPA\00.SERVIDOR\SALA TÉCNICA\00.PROJETOS\02.DOCUMENTOS\ANO 01\MSV-163MS-452-454\GG | O9: NOVO
A10: MSV-163MS-452-454-ACA-EXE-DE-D3-003-R02.dwg | B10: 3611533 | C10: Ano01_Projetos01_30.06.2025 | D10: 45838 | E10: MSV-163MS-452-454-ACA-EXE-DE-D3-003 | F10: R02 | G10: dwg | H10: =IF(_xlfn.XLOOKUP(E10,LD_01[DOCUMENTO],LD_01[REVISÃO])=F10,"VIGENTE","OBSOLETO") -> VIGENTE | I10: 452-454 | J10: C:\Users\luis.nunes\OneDrive - ATERPA\00.SERVIDOR\SALA TÉCNICA\00.PROJETOS\02.DOCUMENTOS\ANO 01 | K10: ="MSV-163MS-"&I10 -> MSV-163MS-452-454 | L10: =_xlfn.XLOOKUP(E10,LD_PROJETOS!A:A,LD_PROJETOS!H:H) -> GG | M10: =IF(H10<>"OBSOLETO","",H10) | N10: =_xlfn.TEXTJOIN("\",TRUE,J10:M10) -> C:\Users\luis.nunes\OneDrive - ATERPA\00.SERVIDOR\SALA TÉCNICA\00.PROJETOS\02.DOCUMENTOS\ANO 01\MSV-163MS-452-454\GG | O10: NOVO
A11: MSV-163MS-452-454-ACA-EXE-DE-D3-003-R02.pdf | B11: 447382 | C11: Ano01_Projetos01_30.06.2025 | D11: 45838 | E11: MSV-163MS-452-454-ACA-EXE-DE-D3-003 | F11: R02 | G11: pdf | H11: =IF(_xlfn.XLOOKUP(E11,LD_01[DOCUMENTO],LD_01[REVISÃO])=F11,"VIGENTE","OBSOLETO") -> VIGENTE | I11: 452-454 | J11: C:\Users\luis.nunes\OneDrive - ATERPA\00.SERVIDOR\SALA TÉCNICA\00.PROJETOS\02.DOCUMENTOS\ANO 01 | K11: ="MSV-163MS-"&I11 -> MSV-163MS-452-454 | L11: =_xlfn.XLOOKUP(E11,LD_PROJETOS!A:A,LD_PROJETOS!H:H) -> GG | M11: =IF(H11<>"OBSOLETO","",H11) | N11: =_xlfn.TEXTJOIN("\",TRUE,J11:M11) -> C:\Users\luis.nunes\OneDrive - ATERPA\00.SERVIDOR\SALA TÉCNICA\00.PROJETOS\02.DOCUMENTOS\ANO 01\MSV-163MS-452-454\GG | O11: NOVO
A12: MSV-163MS-452-454-ACA-EXE-DE-F1-001-R07.dwg | B12: 1970882 | C12: Ano01_Projetos01_30.06.2025 | D12: 45838 | E12: MSV-163MS-452-454-ACA-EXE-DE-F1-001 | F12: R07 | G12: dwg | H12: =IF(_xlfn.XLOOKUP(E12,LD_01[DOCUMENTO],LD_01[REVISÃO])=F12,"VIGENTE","OBSOLETO") -> VIGENTE | I12: 452-454 | J12: C:\Users\luis.nunes\OneDrive - ATERPA\00.SERVIDOR\SALA TÉCNICA\00.PROJETOS\02.DOCUMENTOS\ANO 01 | K12: ="MSV-163MS-"&I12 -> MSV-163MS-452-454 | L12: =_xlfn.XLOOKUP(E12,LD_PROJETOS!A:A,LD_PROJETOS!H:H) -> GE | M12: =IF(H12<>"OBSOLETO","",H12) | N12: =_xlfn.TEXTJOIN("\",TRUE,J12:M12) -> C:\Users\luis.nunes\OneDrive - ATERPA\00.SERVIDOR\SALA TÉCNICA\00.PROJETOS\02.DOCUMENTOS\ANO 01\MSV-163MS-452-454\GE | O12: NOVO
A13: MSV-163MS-452-454-ACA-EXE-DE-F1-001-R07.pdf | B13: 607190 | C13: Ano01_Projetos01_30.06.2025 | D13: 45838 | E13: MSV-163MS-452-454-ACA-EXE-DE-F1-001 | F13: R07 | G13: pdf | H13: =IF(_xlfn.XLOOKUP(E13,LD_01[DOCUMENTO],LD_01[REVISÃO])=F13,"VIGENTE","OBSOLETO") -> VIGENTE | I13: 452-454 | J13: C:\Users\luis.nunes\OneDrive - ATERPA\00.SERVIDOR\SALA TÉCNICA\00.PROJETOS\02.DOCUMENTOS\ANO 01 | K13: ="MSV-163MS-"&I13 -> MSV-163MS-452-454 | L13: =_xlfn.XLOOKUP(E13,LD_PROJETOS!A:A,LD_PROJETOS!H:H) -> GE | M13: =IF(H13<>"OBSOLETO","",H13) | N13: =_xlfn.TEXTJOIN("\",TRUE,J13:M13) -> C:\Users\luis.nunes\OneDrive - ATERPA\00.SERVIDOR\SALA TÉCNICA\00.PROJETOS\02.DOCUMENTOS\ANO 01\MSV-163MS-452-454\GE | O13: NOVO
... A2936: MSV-163MS-638+600-EDI-EXE-DE-P2-202-R01.pdf | B2936: 1466207 | C2936: Ano01_Projetos04_01.10.2025 | D2936: 45931 | E2936: MSV-163MS-638+600-EDI-EXE-DE-P2-202 | F2936: R01 | G2936: pdf | H2936: =IF(_xlfn.XLOOKUP(E2936,LD_01[DOCUMENTO],LD_01[REVISÃO])=F2936,"VIGENTE","OBSOLETO") -> VIGENTE | I2936: 638-NORTE | J2936: C:\Users\luis.nunes\OneDrive - ATERPA\00.SERVIDOR\SALA TÉCNICA\00.PROJETOS\02.DOCUMENTOS\ANO 01 | K2936: ="MSV-163MS-"&I2936 -> MSV-163MS-638-NORTE | L2936: =_xlfn.XLOOKUP(E2936,LD_PROJETOS!A:A,LD_PROJETOS!H:H) -> EL | M2936: =IF(H2936<>"OBSOLETO","",H2936) | N2936: =_xlfn.TEXTJOIN("\",TRUE,J2936:M2936) -> C:\Users\luis.nunes\OneDrive - ATERPA\00.SERVIDOR\SALA TÉCNICA\00.PROJETOS\02.DOCUMENTOS\ANO 01\MSV-163MS-638-NORTE\EL | O2936: REVISÃO
A2937: MSV-163MS-638+600-EDI-EXE-DE-P2-203-R01.dwg | B2937: 170023 | C2937: Ano01_Projetos04_01.10.2025 | D2937: 45931 | E2937: MSV-163MS-638+600-EDI-EXE-DE-P2-203 | F2937: R01 | G2937: dwg | H2937: =IF(_xlfn.XLOOKUP(E2937,LD_01[DOCUMENTO],LD_01[REVISÃO])=F2937,"VIGENTE","OBSOLETO") -> OBSOLETO | I2937: 638-NORTE | J2937: C:\Users\luis.nunes\OneDrive - ATERPA\00.SERVIDOR\SALA TÉCNICA\00.PROJETOS\02.DOCUMENTOS\ANO 01 | K2937: ="MSV-163MS-"&I2937 -> MSV-163MS-638-NORTE | L2937: =_xlfn.XLOOKUP(E2937,LD_PROJETOS!A:A,LD_PROJETOS!H:H) -> EL | M2937: =IF(H2937<>"OBSOLETO","",H2937) -> OBSOLETO | N2937: =_xlfn.TEXTJOIN("\",TRUE,J2937:M2937) -> C:\Users\luis.nunes\OneDrive - ATERPA\00.SERVIDOR\SALA TÉCNICA\00.PROJETOS\02.DOCUMENTOS\ANO 01\MSV-163MS-638-NORTE\EL\OBSOLETO | O2937: REVISÃO | P2937: Documento está idêntico ao MSV-163MS-638+600-EDI-EXE-DE-P2-303. Título errado (PORTARIA PRINCIPAL)
A2938: MSV-163MS-638+600-EDI-EXE-DE-P2-203-R01.pdf | B2938: 217067 | C2938: Ano01_Projetos04_01.10.2025 | D2938: 45931 | E2938: MSV-163MS-638+600-EDI-EXE-DE-P2-203 | F2938: R01 | G2938: pdf | H2938: =IF(_xlfn.XLOOKUP(E2938,LD_01[DOCUMENTO],LD_01[REVISÃO])=F2938,"VIGENTE","OBSOLETO") -> OBSOLETO | I2938: 638-NORTE | J2938: C:\Users\luis.nunes\OneDrive - ATERPA\00.SERVIDOR\SALA TÉCNICA\00.PROJETOS\02.DOCUMENTOS\ANO 01 | K2938: ="MSV-163MS-"&I2938 -> MSV-163MS-638-NORTE | L2938: =_xlfn.XLOOKUP(E2938,LD_PROJETOS!A:A,LD_PROJETOS!H:H) -> EL | M2938: =IF(H2938<>"OBSOLETO","",H2938) -> OBSOLETO | N2938: =_xlfn.TEXTJOIN("\",TRUE,J2938:M2938) -> C:\Users\luis.nunes\OneDrive - ATERPA\00.SERVIDOR\SALA TÉCNICA\00.PROJETOS\02.DOCUMENTOS\ANO 01\MSV-163MS-638-NORTE\EL\OBSOLETO | O2938: REVISÃO
A2939: MSV-163MS-638+600-EDI-EXE-DE-P2-301-R01.dwg | B2939: 2992568 | C2939: Ano01_Projetos04_01.10.2025 | D2939: 45931 | E2939: MSV-163MS-638+600-EDI-EXE-DE-P2-301 | F2939: R01 | G2939: dwg | H2939: =IF(_xlfn.XLOOKUP(E2939,LD_01[DOCUMENTO],LD_01[REVISÃO])=F2939,"VIGENTE","OBSOLETO") -> VIGENTE | I2939: 638-NORTE | J2939: C:\Users\luis.nunes\OneDrive - ATERPA\00.SERVIDOR\SALA TÉCNICA\00.PROJETOS\02.DOCUMENTOS\ANO 01 | K2939: ="MSV-163MS-"&I2939 -> MSV-163MS-638-NORTE | L2939: =_xlfn.XLOOKUP(E2939,LD_PROJETOS!A:A,LD_PROJETOS!H:H) -> EL | M2939: =IF(H2939<>"OBSOLETO","",H2939) | N2939: =_xlfn.TEXTJOIN("\",TRUE,J2939:M2939) -> C:\Users\luis.nunes\OneDrive - ATERPA\00.SERVIDOR\SALA TÉCNICA\00.PROJETOS\02.DOCUMENTOS\ANO 01\MSV-163MS-638-NORTE\EL | O2939: REVISÃO
A2940: MSV-163MS-638+600-EDI-EXE-DE-P2-301-R01.pdf | B2940: 1900293 | C2940: Ano01_Projetos04_01.10.2025 | D2940: 45931 | E2940: MSV-163MS-638+600-EDI-EXE-DE-P2-301 | F2940: R01 | G2940: pdf | H2940: =IF(_xlfn.XLOOKUP(E2940,LD_01[DOCUMENTO],LD_01[REVISÃO])=F2940,"VIGENTE","OBSOLETO") -> VIGENTE | I2940: 638-NORTE | J2940: C:\Users\luis.nunes\OneDrive - ATERPA\00.SERVIDOR\SALA TÉCNICA\00.PROJETOS\02.DOCUMENTOS\ANO 01 | K2940: ="MSV-163MS-"&I2940 -> MSV-163MS-638-NORTE | L2940: =_xlfn.XLOOKUP(E2940,LD_PROJETOS!A:A,LD_PROJETOS!H:H) -> EL | M2940: =IF(H2940<>"OBSOLETO","",H2940) | N2940: =_xlfn.TEXTJOIN("\",TRUE,J2940:M2940) -> C:\Users\luis.nunes\OneDrive - ATERPA\00.SERVIDOR\SALA TÉCNICA\00.PROJETOS\02.DOCUMENTOS\ANO 01\MSV-163MS-638-NORTE\EL | O2940: REVISÃO
A2941: MSV-163MS-638+600-EDI-EXE-DE-P2-302-R01.dwg | B2941: 1109197 | C2941: Ano01_Projetos04_01.10.2025 | D2941: 45931 | E2941: MSV-163MS-638+600-EDI-EXE-DE-P2-302 | F2941: R01 | G2941: dwg | H2941: =IF(_xlfn.XLOOKUP(E2941,LD_01[DOCUMENTO],LD_01[REVISÃO])=F2941,"VIGENTE","OBSOLETO") -> VIGENTE | I2941: 638-NORTE | J2941: C:\Users\luis.nunes\OneDrive - ATERPA\00.SERVIDOR\SALA TÉCNICA\00.PROJETOS\02.DOCUMENTOS\ANO 01 | K2941: ="MSV-163MS-"&I2941 -> MSV-163MS-638-NORTE | L2941: =_xlfn.XLOOKUP(E2941,LD_PROJETOS!A:A,LD_PROJETOS!H:H) -> EL | M2941: =IF(H2941<>"OBSOLETO","",H2941) | N2941: =_xlfn.TEXTJOIN("\",TRUE,J2941:M2941) -> C:\Users\luis.nunes\OneDrive - ATERPA\00.SERVIDOR\SALA TÉCNICA\00.PROJETOS\02.DOCUMENTOS\ANO 01\MSV-163MS-638-NORTE\EL | O2941: REVISÃO
A2942: MSV-163MS-638+600-EDI-EXE-DE-P2-302-R01.pdf | B2942: 1473401 | C2942: Ano01_Projetos04_01.10.2025 | D2942: 45931 | E2942: MSV-163MS-638+600-EDI-EXE-DE-P2-302 | F2942: R01 | G2942: pdf | H2942: =IF(_xlfn.XLOOKUP(E2942,LD_01[DOCUMENTO],LD_01[REVISÃO])=F2942,"VIGENTE","OBSOLETO") -> VIGENTE | I2942: 638-NORTE | J2942: C:\Users\luis.nunes\OneDrive - ATERPA\00.SERVIDOR\SALA TÉCNICA\00.PROJETOS\02.DOCUMENTOS\ANO 01 | K2942: ="MSV-163MS-"&I2942 -> MSV-163MS-638-NORTE | L2942: =_xlfn.XLOOKUP(E2942,LD_PROJETOS!A:A,LD_PROJETOS!H:H) -> EL | M2942: =IF(H2942<>"OBSOLETO","",H2942) | N2942: =_xlfn.TEXTJOIN("\",TRUE,J2942:M2942) -> C:\Users\luis.nunes\OneDrive - ATERPA\00.SERVIDOR\SALA TÉCNICA\00.PROJETOS\02.DOCUMENTOS\ANO 01\MSV-163MS-638-NORTE\EL | O2942: REVISÃO | P2942: Documento está idêntico ao MSV-163MS-638+600-EDI-EXE-DE-P2-203
A2943: MSV-163MS-638+600-EDI-EXE-DE-P2-303-R01.dwg | B2943: 169602 | C2943: Ano01_Projetos04_01.10.2025 | D2943: 45931 | E2943: MSV-163MS-638+600-EDI-EXE-DE-P2-303 | F2943: R01 | G2943: dwg | H2943: =IF(_xlfn.XLOOKUP(E2943,LD_01[DOCUMENTO],LD_01[REVISÃO])=F2943,"VIGENTE","OBSOLETO") -> VIGENTE | I2943: 638-NORTE | J2943: C:\Users\luis.nunes\OneDrive - ATERPA\00.SERVIDOR\SALA TÉCNICA\00.PROJETOS\02.DOCUMENTOS\ANO 01 | K2943: ="MSV-163MS-"&I2943 -> MSV-163MS-638-NORTE | L2943: =_xlfn.XLOOKUP(E2943,LD_PROJETOS!A:A,LD_PROJETOS!H:H) -> EL | M2943: =IF(H2943<>"OBSOLETO","",H2943) | N2943: =_xlfn.TEXTJOIN("\",TRUE,J2943:M2943) -> C:\Users\luis.nunes\OneDrive - ATERPA\00.SERVIDOR\SALA TÉCNICA\00.PROJETOS\02.DOCUMENTOS\ANO 01\MSV-163MS-638-NORTE\EL | O2943: REVISÃO
A2944: MSV-163MS-638+600-EDI-EXE-DE-P2-303-R01.pdf | B2944: 216771 | C2944: Ano01_Projetos04_01.10.2025 | D2944: 45931 | E2944: MSV-163MS-638+600-EDI-EXE-DE-P2-303 | F2944: R01 | G2944: pdf | H2944: =IF(_xlfn.XLOOKUP(E2944,LD_01[DOCUMENTO],LD_01[REVISÃO])=F2944,"VIGENTE","OBSOLETO") -> VIGENTE | I2944: 638-NORTE | J2944: C:\Users\luis.nunes\OneDrive - ATERPA\00.SERVIDOR\SALA TÉCNICA\00.PROJETOS\02.DOCUMENTOS\ANO 01 | K2944: ="MSV-163MS-"&I2944 -> MSV-163MS-638-NORTE | L2944: =_xlfn.XLOOKUP(E2944,LD_PROJETOS!A:A,LD_PROJETOS!H:H) -> EL | M2944: =IF(H2944<>"OBSOLETO","",H2944) | N2944: =_xlfn.TEXTJOIN("\",TRUE,J2944:M2944) -> C:\Users\luis.nunes\OneDrive - ATERPA\00.SERVIDOR\SALA TÉCNICA\00.PROJETOS\02.DOCUMENTOS\ANO 01\MSV-163MS-638-NORTE\EL | O2944: REVISÃO
A2945: MSV-163MS-638+600-EDI-EXE-DE-P2-401-R01.dwg | B2945: 2516897 | C2945: Ano01_Projetos04_01.10.2025 | D2945: 45931 | E2945: MSV-163MS-638+600-EDI-EXE-DE-P2-401 | F2945: R01 | G2945: dwg | H2945: =IF(_xlfn.XLOOKUP(E2945,LD_01[DOCUMENTO],LD_01[REVISÃO])=F2945,"VIGENTE","OBSOLETO") -> OBSOLETO | I2945: 638-NORTE | J2945: C:\Users\luis.nunes\OneDrive - ATERPA\00.SERVIDOR\SALA TÉCNICA\00.PROJETOS\02.DOCUMENTOS\ANO 01 | K2945: ="MSV-163MS-"&I2945 -> MSV-163MS-638-NORTE | L2945: =_xlfn.XLOOKUP(E2945,LD_PROJETOS!A:A,LD_PROJETOS!H:H) -> EL | M2945: =IF(H2945<>"OBSOLETO","",H2945) -> OBSOLETO | N2945: =_xlfn.TEXTJOIN("\",TRUE,J2945:M2945) -> C:\Users\luis.nunes\OneDrive - ATERPA\00.SERVIDOR\SALA TÉCNICA\00.PROJETOS\02.DOCUMENTOS\ANO 01\MSV-163MS-638-NORTE\EL\OBSOLETO | O2945: REVISÃO
A2946: MSV-163MS-638+600-EDI-EXE-DE-P2-401-R01.pdf | B2946: 2561377 | C2946: Ano01_Projetos04_01.10.2025 | D2946: 45931 | E2946: MSV-163MS-638+600-EDI-EXE-DE-P2-401 | F2946: R01 | G2946: pdf | H2946: =IF(_xlfn.XLOOKUP(E2946,LD_01[DOCUMENTO],LD_01[REVISÃO])=F2946,"VIGENTE","OBSOLETO") -> OBSOLETO | I2946: 638-NORTE | J2946: C:\Users\luis.nunes\OneDrive - ATERPA\00.SERVIDOR\SALA TÉCNICA\00.PROJETOS\02.DOCUMENTOS\ANO 01 | K2946: ="MSV-163MS-"&I2946 -> MSV-163MS-638-NORTE | L2946: =_xlfn.XLOOKUP(E2946,LD_PROJETOS!A:A,LD_PROJETOS!H:H) -> EL | M2946: =IF(H2946<>"OBSOLETO","",H2946) -> OBSOLETO | N2946: =_xlfn.TEXTJOIN("\",TRUE,J2946:M2946) -> C:\Users\luis.nunes\OneDrive - ATERPA\00.SERVIDOR\SALA TÉCNICA\00.PROJETOS\02.DOCUMENTOS\ANO 01\MSV-163MS-638-NORTE\EL\OBSOLETO | O2946: REVISÃO
A2947: MSV-163MS-638+600-EDI-EXE-DE-P2-402-R01.dwg | B2947: 641894 | C2947: Ano01_Projetos04_01.10.2025 | D2947: 45931 | E2947: MSV-163MS-638+600-EDI-EXE-DE-P2-402 | F2947: R01 | G2947: dwg | H2947: =IF(_xlfn.XLOOKUP(E2947,LD_01[DOCUMENTO],LD_01[REVISÃO])=F2947,"VIGENTE","OBSOLETO") -> VIGENTE | I2947: 638-NORTE | J2947: C:\Users\luis.nunes\OneDrive - ATERPA\00.SERVIDOR\SALA TÉCNICA\00.PROJETOS\02.DOCUMENTOS\ANO 01 | K2947: ="MSV-163MS-"&I2947 -> MSV-163MS-638-NORTE | L2947: =_xlfn.XLOOKUP(E2947,LD_PROJETOS!A:A,LD_PROJETOS!H:H) -> EL | M2947: =IF(H2947<>"OBSOLETO","",H2947) | N2947: =_xlfn.TEXTJOIN("\",TRUE,J2947:M2947) -> C:\Users\luis.nunes\OneDrive - ATERPA\00.SERVIDOR\SALA TÉCNICA\00.PROJETOS\02.DOCUMENTOS\ANO 01\MSV-163MS-638-NORTE\EL | O2947: REVISÃO
A2948: MSV-163MS-638+600-EDI-EXE-DE-P2-402-R01.pdf | B2948: 2237375 | C2948: Ano01_Projetos04_01.10.2025 | D2948: 45931 | E2948: MSV-163MS-638+600-EDI-EXE-DE-P2-402 | F2948: R01 | G2948: pdf | H2948: =IF(_xlfn.XLOOKUP(E2948,LD_01[DOCUMENTO],LD_01[REVISÃO])=F2948,"VIGENTE","OBSOLETO") -> VIGENTE | I2948: 638-NORTE | J2948: C:\Users\luis.nunes\OneDrive - ATERPA\00.SERVIDOR\SALA TÉCNICA\00.PROJETOS\02.DOCUMENTOS\ANO 01 | K2948: ="MSV-163MS-"&I2948 -> MSV-163MS-638-NORTE | L2948: =_xlfn.XLOOKUP(E2948,LD_PROJETOS!A:A,LD_PROJETOS!H:H) -> EL | M2948: =IF(H2948<>"OBSOLETO","",H2948) | N2948: =_xlfn.TEXTJOIN("\",TRUE,J2948:M2948) -> C:\Users\luis.nunes\OneDrive - ATERPA\00.SERVIDOR\SALA TÉCNICA\00.PROJETOS\02.DOCUMENTOS\ANO 01\MSV-163MS-638-NORTE\EL | O2948: REVISÃO
A2949: MSV-163MS-638+600-EDI-EXE-DE-P2-403-R01.dwg | B2949: 677982 | C2949: Ano01_Projetos04_01.10.2025 | D2949: 45931 | E2949: MSV-163MS-638+600-EDI-EXE-DE-P2-403 | F2949: R01 | G2949: dwg | H2949: =IF(_xlfn.XLOOKUP(E2949,LD_01[DOCUMENTO],LD_01[REVISÃO])=F2949,"VIGENTE","OBSOLETO") -> VIGENTE | I2949: 638-NORTE | J2949: C:\Users\luis.nunes\OneDrive - ATERPA\00.SERVIDOR\SALA TÉCNICA\00.PROJETOS\02.DOCUMENTOS\ANO 01 | K2949: ="MSV-163MS-"&I2949 -> MSV-163MS-638-NORTE | L2949: =_xlfn.XLOOKUP(E2949,LD_PROJETOS!A:A,LD_PROJETOS!H:H) -> EL | M2949: =IF(H2949<>"OBSOLETO","",H2949) | N2949: =_xlfn.TEXTJOIN("\",TRUE,J2949:M2949) -> C:\Users\luis.nunes\OneDrive - ATERPA\00.SERVIDOR\SALA TÉCNICA\00.PROJETOS\02.DOCUMENTOS\ANO 01\MSV-163MS-638-NORTE\EL | O2949: REVISÃO
A2950: MSV-163MS-638+600-EDI-EXE-DE-P2-403-R01.pdf | B2950: 1529426 | C2950: Ano01_Projetos04_01.10.2025 | D2950: 45931 | E2950: MSV-163MS-638+600-EDI-EXE-DE-P2-403 | F2950: R01 | G2950: pdf | H2950: =IF(_xlfn.XLOOKUP(E2950,LD_01[DOCUMENTO],LD_01[REVISÃO])=F2950,"VIGENTE","OBSOLETO") -> VIGENTE | I2950: 638-NORTE | J2950: C:\Users\luis.nunes\OneDrive - ATERPA\00.SERVIDOR\SALA TÉCNICA\00.PROJETOS\02.DOCUMENTOS\ANO 01 | K2950: ="MSV-163MS-"&I2950 -> MSV-163MS-638-NORTE | L2950: =_xlfn.XLOOKUP(E2950,LD_PROJETOS!A:A,LD_PROJETOS!H:H) -> EL | M2950: =IF(H2950<>"OBSOLETO","",H2950) | N2950: =_xlfn.TEXTJOIN("\",TRUE,J2950:M2950) -> C:\Users\luis.nunes\OneDrive - ATERPA\00.SERVIDOR\SALA TÉCNICA\00.PROJETOS\02.DOCUMENTOS\ANO 01\MSV-163MS-638-NORTE\EL | O2950: REVISÃO
A2951: MSV-163MS-638+600-EDI-EXE-DE-P2-404-R01.dwg | B2951: 170945 | C2951: Ano01_Projetos04_01.10.2025 | D2951: 45931 | E2951: MSV-163MS-638+600-EDI-EXE-DE-P2-404 | F2951: R01 | G2951: dwg | H2951: =IF(_xlfn.XLOOKUP(E2951,LD_01[DOCUMENTO],LD_01[REVISÃO])=F2951,"VIGENTE","OBSOLETO") -> OBSOLETO | I2951: 638-NORTE | J2951: C:\Users\luis.nunes\OneDrive - ATERPA\00.SERVIDOR\SALA TÉCNICA\00.PROJETOS\02.DOCUMENTOS\ANO 01 | K2951: ="MSV-163MS-"&I2951 -> MSV-163MS-638-NORTE | L2951: =_xlfn.XLOOKUP(E2951,LD_PROJETOS!A:A,LD_PROJETOS!H:H) -> EL | M2951: =IF(H2951<>"OBSOLETO","",H2951) -> OBSOLETO | N2951: =_xlfn.TEXTJOIN("\",TRUE,J2951:M2951) -> C:\Users\luis.nunes\OneDrive - ATERPA\00.SERVIDOR\SALA TÉCNICA\00.PROJETOS\02.DOCUMENTOS\ANO 01\MSV-163MS-638-NORTE\EL\OBSOLETO | O2951: REVISÃO
A2952: MSV-163MS-638+600-EDI-EXE-DE-P2-404-R01.pdf | B2952: 218062 | C2952: Ano01_Projetos04_01.10.2025 | D2952: 45931 | E2952: MSV-163MS-638+600-EDI-EXE-DE-P2-404 | F2952: R01 | G2952: pdf | H2952: =IF(_xlfn.XLOOKUP(E2952,LD_01[DOCUMENTO],LD_01[REVISÃO])=F2952,"VIGENTE","OBSOLETO") -> OBSOLETO | I2952: 638-NORTE | J2952: C:\Users\luis.nunes\OneDrive - ATERPA\00.SERVIDOR\SALA TÉCNICA\00.PROJETOS\02.DOCUMENTOS\ANO 01 | K2952: ="MSV-163MS-"&I2952 -> MSV-163MS-638-NORTE | L2952: =_xlfn.XLOOKUP(E2952,LD_PROJETOS!A:A,LD_PROJETOS!H:H) -> EL | M2952: =IF(H2952<>"OBSOLETO","",H2952) -> OBSOLETO | N2952: =_xlfn.TEXTJOIN("\",TRUE,J2952:M2952) -> C:\Users\luis.nunes\OneDrive - ATERPA\00.SERVIDOR\SALA TÉCNICA\00.PROJETOS\02.DOCUMENTOS\ANO 01\MSV-163MS-638-NORTE\EL\OBSOLETO | O2952: REVISÃO
A2953: MSV-163MS-638+600-EDI-EXE-DE-P4-001-R03.dwg | B2953: 10175790 | C2953: Ano01_Projetos04_01.10.2025 | D2953: 45931 | E2953: MSV-163MS-638+600-EDI-EXE-DE-P4-001 | F2953: R03 | G2953: dwg | H2953: =IF(_xlfn.XLOOKUP(E2953,LD_01[DOCUMENTO],LD_01[REVISÃO])=F2953,"VIGENTE","OBSOLETO") -> OBSOLETO | I2953: 638-NORTE | J2953: C:\Users\luis.nunes\OneDrive - ATERPA\00.SERVIDOR\SALA TÉCNICA\00.PROJETOS\02.DOCUMENTOS\ANO 01 | K2953: ="MSV-163MS-"&I2953 -> MSV-163MS-638-NORTE | L2953: =_xlfn.XLOOKUP(E2953,LD_PROJETOS!A:A,LD_PROJETOS!H:H) -> EL | M2953: =IF(H2953<>"OBSOLETO","",H2953) -> OBSOLETO | N2953: =_xlfn.TEXTJOIN("\",TRUE,J2953:M2953) -> C:\Users\luis.nunes\OneDrive - ATERPA\00.SERVIDOR\SALA TÉCNICA\00.PROJETOS\02.DOCUMENTOS\ANO 01\MSV-163MS-638-NORTE\EL\OBSOLETO | O2953: REVISÃO
A2954: MSV-163MS-638+600-EDI-EXE-DE-P4-001-R03.pdf | B2954: 790648 | C2954: Ano01_Projetos04_01.10.2025 | D2954: 45931 | E2954: MSV-163MS-638+600-EDI-EXE-DE-P4-001 | F2954: R03 | G2954: pdf | H2954: =IF(_xlfn.XLOOKUP(E2954,LD_01[DOCUMENTO],LD_01[REVISÃO])=F2954,"VIGENTE","OBSOLETO") -> OBSOLETO | I2954: 638-NORTE | J2954: C:\Users\luis.nunes\OneDrive - ATERPA\00.SERVIDOR\SALA TÉCNICA\00.PROJETOS\02.DOCUMENTOS\ANO 01 | K2954: ="MSV-163MS-"&I2954 -> MSV-163MS-638-NORTE | L2954: =_xlfn.XLOOKUP(E2954,LD_PROJETOS!A:A,LD_PROJETOS!H:H) -> EL | M2954: =IF(H2954<>"OBSOLETO","",H2954) -> OBSOLETO | N2954: =_xlfn.TEXTJOIN("\",TRUE,J2954:M2954) -> C:\Users\luis.nunes\OneDrive - ATERPA\00.SERVIDOR\SALA TÉCNICA\00.PROJETOS\02.DOCUMENTOS\ANO 01\MSV-163MS-638-NORTE\EL\OBSOLETO | O2954: REVISÃO
... A3195: MSV-163MS-730-732-ACA-EXE-MC-K2-002-R04.pdf | B3195: 483057 | C3195: Ano01_Projetos05_16.10.2025 | D3195: 45946 | E3195: MSV-163MS-730-732-ACA-EXE-MC-K2-002 | F3195: R04 | G3195: pdf | H3195: =IF(_xlfn.XLOOKUP(E3195,LD_01[DOCUMENTO],LD_01[REVISÃO])=F3195,"VIGENTE","OBSOLETO") -> VIGENTE | I3195: 730-732 | J3195: C:\Users\luis.nunes\OneDrive - ATERPA\00.SERVIDOR\SALA TÉCNICA\00.PROJETOS\02.DOCUMENTOS\ANO 01 | K3195: ="MSV-163MS-"&I3195 -> MSV-163MS-730-732 | L3195: =_xlfn.XLOOKUP(E3195,LD_PROJETOS!A:A,LD_PROJETOS!H:H) -> EL | M3195: =IF(H3195<>"OBSOLETO","",H3195) | N3195: =_xlfn.TEXTJOIN("\",TRUE,J3195:M3195) -> C:\Users\luis.nunes\OneDrive - ATERPA\00.SERVIDOR\SALA TÉCNICA\00.PROJETOS\02.DOCUMENTOS\ANO 01\MSV-163MS-730-732\EL | O3195: REVISÃO
A3196: MSV-163MS-730-732-ACA-EXE-MD-K2-001-R04.pdf | B3196: 350229 | C3196: Ano01_Projetos05_16.10.2025 | D3196: 45946 | E3196: MSV-163MS-730-732-ACA-EXE-MD-K2-001 | F3196: R04 | G3196: pdf | H3196: =IF(_xlfn.XLOOKUP(E3196,LD_01[DOCUMENTO],LD_01[REVISÃO])=F3196,"VIGENTE","OBSOLETO") -> VIGENTE | I3196: 535-545 | J3196: C:\Users\luis.nunes\OneDrive - ATERPA\00.SERVIDOR\SALA TÉCNICA\00.PROJETOS\02.DOCUMENTOS\ANO 01 | K3196: ="MSV-163MS-"&I3196 -> MSV-163MS-535-545 | L3196: =_xlfn.XLOOKUP(E3196,LD_PROJETOS!A:A,LD_PROJETOS!H:H) -> EL | M3196: =IF(H3196<>"OBSOLETO","",H3196) | N3196: =_xlfn.TEXTJOIN("\",TRUE,J3196:M3196) -> C:\Users\luis.nunes\OneDrive - ATERPA\00.SERVIDOR\SALA TÉCNICA\00.PROJETOS\02.DOCUMENTOS\ANO 01\MSV-163MS-535-545\EL | O3196: REVISÃO | P3196: Alteração de projeto para contemplar modificações do ATO20
A3197: MSV-163MS-535-545-ACA-EXE-DE-F1-006-R06.dwg | B3197: 1267521 | C3197: Ano01_Projetos06_10.12.2025 | D3197: 46001 | E3197: MSV-163MS-535-545-ACA-EXE-DE-F1-006 | F3197: R06 | G3197: dwg | H3197: =IF(_xlfn.XLOOKUP(E3197,LD_01[DOCUMENTO],LD_01[REVISÃO])=F3197,"VIGENTE","OBSOLETO") -> VIGENTE | I3197: 535-545 | J3197: C:\Users\luis.nunes\OneDrive - ATERPA\00.SERVIDOR\SALA TÉCNICA\00.PROJETOS\02.DOCUMENTOS\ANO 01 | K3197: ="MSV-163MS-"&I3197 -> MSV-163MS-535-545 | L3197: =_xlfn.XLOOKUP(E3197,LD_PROJETOS!A:A,LD_PROJETOS!H:H) -> GE | M3197: =IF(H3197<>"OBSOLETO","",H3197) | N3197: =_xlfn.TEXTJOIN("\",TRUE,J3197:M3197) -> C:\Users\luis.nunes\OneDrive - ATERPA\00.SERVIDOR\SALA TÉCNICA\00.PROJETOS\02.DOCUMENTOS\ANO 01\MSV-163MS-535-545\GE | O3197: REVISÃO | P3197: Alteração de projeto para contemplar modificações do ATO20
A3198: MSV-163MS-535-545-ACA-EXE-DE-F1-006-R06.pdf | B3198: 597036 | C3198: Ano01_Projetos06_10.12.2025 | D3198: 46001 | E3198: MSV-163MS-535-545-ACA-EXE-DE-F1-006 | F3198: R06 | G3198: pdf | H3198: =IF(_xlfn.XLOOKUP(E3198,LD_01[DOCUMENTO],LD_01[REVISÃO])=F3198,"VIGENTE","OBSOLETO") -> VIGENTE | I3198: 535-545 | J3198: C:\Users\luis.nunes\OneDrive - ATERPA\00.SERVIDOR\SALA TÉCNICA\00.PROJETOS\02.DOCUMENTOS\ANO 01 | K3198: ="MSV-163MS-"&I3198 -> MSV-163MS-535-545 | L3198: =_xlfn.XLOOKUP(E3198,LD_PROJETOS!A:A,LD_PROJETOS!H:H) -> GE | M3198: =IF(H3198<>"OBSOLETO","",H3198) | N3198: =_xlfn.TEXTJOIN("\",TRUE,J3198:M3198) -> C:\Users\luis.nunes\OneDrive - ATERPA\00.SERVIDOR\SALA TÉCNICA\00.PROJETOS\02.DOCUMENTOS\ANO 01\MSV-163MS-535-545\GE | O3198: REVISÃO | P3198: Alteração de projeto para contemplar modificações do ATO20
A3199: MSV-163MS-535-545-ACA-EXE-DE-F1-007-R07.dwg | B3199: 1169419 | C3199: Ano01_Projetos06_10.12.2025 | D3199: 46001 | E3199: MSV-163MS-535-545-ACA-EXE-DE-F1-007 | F3199: R07 | G3199: dwg | H3199: =IF(_xlfn.XLOOKUP(E3199,LD_01[DOCUMENTO],LD_01[REVISÃO])=F3199,"VIGENTE","OBSOLETO") -> VIGENTE | I3199: 535-545 | J3199: C:\Users\luis.nunes\OneDrive - ATERPA\00.SERVIDOR\SALA TÉCNICA\00.PROJETOS\02.DOCUMENTOS\ANO 01 | K3199: ="MSV-163MS-"&I3199 -> MSV-163MS-535-545 | L3199: =_xlfn.XLOOKUP(E3199,LD_PROJETOS!A:A,LD_PROJETOS!H:H) -> GE | M3199: =IF(H3199<>"OBSOLETO","",H3199) | N3199: =_xlfn.TEXTJOIN("\",TRUE,J3199:M3199) -> C:\Users\luis.nunes\OneDrive - ATERPA\00.SERVIDOR\SALA TÉCNICA\00.PROJETOS\02.DOCUMENTOS\ANO 01\MSV-163MS-535-545\GE | O3199: REVISÃO | P3199: Alteração de projeto para contemplar modificações do ATO20
A3200: MSV-163MS-535-545-ACA-EXE-DE-F1-007-R07.pdf | B3200: 498465 | C3200: Ano01_Projetos06_10.12.2025 | D3200: 46001 | E3200: MSV-163MS-535-545-ACA-EXE-DE-F1-007 | F3200: R07 | G3200: pdf | H3200: =IF(_xlfn.XLOOKUP(E3200,LD_01[DOCUMENTO],LD_01[REVISÃO])=F3200,"VIGENTE","OBSOLETO") -> VIGENTE | I3200: 535-545 | J3200: C:\Users\luis.nunes\OneDrive - ATERPA\00.SERVIDOR\SALA TÉCNICA\00.PROJETOS\02.DOCUMENTOS\ANO 01 | K3200: ="MSV-163MS-"&I3200 -> MSV-163MS-535-545 | L3200: =_xlfn.XLOOKUP(E3200,LD_PROJETOS!A:A,LD_PROJETOS!H:H) -> GE | M3200: =IF(H3200<>"OBSOLETO","",H3200) | N3200: =_xlfn.TEXTJOIN("\",TRUE,J3200:M3200) -> C:\Users\luis.nunes\OneDrive - ATERPA\00.SERVIDOR\SALA TÉCNICA\00.PROJETOS\02.DOCUMENTOS\ANO 01\MSV-163MS-535-545\GE | O3200: REVISÃO | P3200: Alteração de projeto para contemplar modificações do ATO20
A3201: MSV-163MS-535-545-ACA-EXE-DE-H2-006-R08.dwg | B3201: 1916855 | C3201: Ano01_Projetos06_10.12.2025 | D3201: 46001 | E3201: MSV-163MS-535-545-ACA-EXE-DE-H2-006 | F3201: R08 | G3201: dwg | H3201: =IF(_xlfn.XLOOKUP(E3201,LD_01[DOCUMENTO],LD_01[REVISÃO])=F3201,"VIGENTE","OBSOLETO") -> VIGENTE | I3201: 535-545 | J3201: C:\Users\luis.nunes\OneDrive - ATERPA\00.SERVIDOR\SALA TÉCNICA\00.PROJETOS\02.DOCUMENTOS\ANO 01 | K3201: ="MSV-163MS-"&I3201 -> MSV-163MS-535-545 | L3201: =_xlfn.XLOOKUP(E3201,LD_PROJETOS!A:A,LD_PROJETOS!H:H) -> DR | M3201: =IF(H3201<>"OBSOLETO","",H3201) | N3201: =_xlfn.TEXTJOIN("\",TRUE,J3201:M3201) -> C:\Users\luis.nunes\OneDrive - ATERPA\00.SERVIDOR\SALA TÉCNICA\00.PROJETOS\02.DOCUMENTOS\ANO 01\MSV-163MS-535-545\DR | O3201: REVISÃO | P3201: Alteração de projeto para contemplar modificações do ATO20
A3202: MSV-163MS-535-545-ACA-EXE-DE-H2-006-R08.pdf | B3202: 607797 | C3202: Ano01_Projetos06_10.12.2025 | D3202: 46001 | E3202: MSV-163MS-535-545-ACA-EXE-DE-H2-006 | F3202: R08 | G3202: pdf | H3202: =IF(_xlfn.XLOOKUP(E3202,LD_01[DOCUMENTO],LD_01[REVISÃO])=F3202,"VIGENTE","OBSOLETO") -> VIGENTE | I3202: 535-545 | J3202: C:\Users\luis.nunes\OneDrive - ATERPA\00.SERVIDOR\SALA TÉCNICA\00.PROJETOS\02.DOCUMENTOS\ANO 01 | K3202: ="MSV-163MS-"&I3202 -> MSV-163MS-535-545 | L3202: =_xlfn.XLOOKUP(E3202,LD_PROJETOS!A:A,LD_PROJETOS!H:H) -> DR | M3202: =IF(H3202<>"OBSOLETO","",H3202) | N3202: =_xlfn.TEXTJOIN("\",TRUE,J3202:M3202) -> C:\Users\luis.nunes\OneDrive - ATERPA\00.SERVIDOR\SALA TÉCNICA\00.PROJETOS\02.DOCUMENTOS\ANO 01\MSV-163MS-535-545\DR | O3202: REVISÃO | P3202: Alteração de projeto para contemplar modificações do ATO20
A3203: MSV-163MS-535-545-ACA-EXE-DE-H2-007-R06.dwg | B3203: 1605769 | C3203: Ano01_Projetos06_10.12.2025 | D3203: 46001 | E3203: MSV-163MS-535-545-ACA-EXE-DE-H2-007 | F3203: R06 | G3203: dwg | H3203: =IF(_xlfn.XLOOKUP(E3203,LD_01[DOCUMENTO],LD_01[REVISÃO])=F3203,"VIGENTE","OBSOLETO") -> VIGENTE | I3203: 535-545 | J3203: C:\Users\luis.nunes\OneDrive - ATERPA\00.SERVIDOR\SALA TÉCNICA\00.PROJETOS\02.DOCUMENTOS\ANO 01 | K3203: ="MSV-163MS-"&I3203 -> MSV-163MS-535-545 | L3203: =_xlfn.XLOOKUP(E3203,LD_PROJETOS!A:A,LD_PROJETOS!H:H) -> DR | M3203: =IF(H3203<>"OBSOLETO","",H3203) | N3203: =_xlfn.TEXTJOIN("\",TRUE,J3203:M3203) -> C:\Users\luis.nunes\OneDrive - ATERPA\00.SERVIDOR\SALA TÉCNICA\00.PROJETOS\02.DOCUMENTOS\ANO 01\MSV-163MS-535-545\DR | O3203: REVISÃO | P3203: Alteração de projeto para contemplar modificações do ATO20
A3204: MSV-163MS-535-545-ACA-EXE-DE-H2-007-R06.pdf | B3204: 493293 | C3204: Ano01_Projetos06_10.12.2025 | D3204: 46001 | E3204: MSV-163MS-535-545-ACA-EXE-DE-H2-007 | F3204: R06 | G3204: pdf | H3204: =IF(_xlfn.XLOOKUP(E3204,LD_01[DOCUMENTO],LD_01[REVISÃO])=F3204,"VIGENTE","OBSOLETO") -> VIGENTE | I3204: 535-545 | J3204: C:\Users\luis.nunes\OneDrive - ATERPA\00.SERVIDOR\SALA TÉCNICA\00.PROJETOS\02.DOCUMENTOS\ANO 01 | K3204: ="MSV-163MS-"&I3204 -> MSV-163MS-535-545 | L3204: =_xlfn.XLOOKUP(E3204,LD_PROJETOS!A:A,LD_PROJETOS!H:H) -> DR | M3204: =IF(H3204<>"OBSOLETO","",H3204) | N3204: =_xlfn.TEXTJOIN("\",TRUE,J3204:M3204) -> C:\Users\luis.nunes\OneDrive - ATERPA\00.SERVIDOR\SALA TÉCNICA\00.PROJETOS\02.DOCUMENTOS\ANO 01\MSV-163MS-535-545\DR | O3204: REVISÃO | P3204: Alteração de projeto para contemplar modificações do ATO20
A3205: MSV-163MS-535-545-ACA-EXE-DE-H2-021-R07.dwg | B3205: 1146594 | C3205: Ano01_Projetos06_10.12.2025 | D3205: 46001 | E3205: MSV-163MS-535-545-ACA-EXE-DE-H2-021 | F3205: R07 | G3205: dwg | H3205: =IF(_xlfn.XLOOKUP(E3205,LD_01[DOCUMENTO],LD_01[REVISÃO])=F3205,"VIGENTE","OBSOLETO") -> OBSOLETO | I3205: 535-545 | J3205: C:\Users\luis.nunes\OneDrive - ATERPA\00.SERVIDOR\SALA TÉCNICA\00.PROJETOS\02.DOCUMENTOS\ANO 01 | K3205: ="MSV-163MS-"&I3205 -> MSV-163MS-535-545 | L3205: =_xlfn.XLOOKUP(E3205,LD_PROJETOS!A:A,LD_PROJETOS!H:H) -> DR | M3205: =IF(H3205<>"OBSOLETO","",H3205) -> OBSOLETO | N3205: =_xlfn.TEXTJOIN("\",TRUE,J3205:M3205) -> C:\Users\luis.nunes\OneDrive - ATERPA\00.SERVIDOR\SALA TÉCNICA\00.PROJETOS\02.DOCUMENTOS\ANO 01\MSV-163MS-535-545\DR\OBSOLETO | O3205: REVISÃO | P3205: Alteração de projeto para contemplar modificações do ATO20
A3206: MSV-163MS-535-545-ACA-EXE-DE-H2-021-R07.pdf | B3206: 296382 | C3206: Ano01_Projetos06_10.12.2025 | D3206: 46001 | E3206: MSV-163MS-535-545-ACA-EXE-DE-H2-021 | F3206: R07 | G3206: pdf | H3206: =IF(_xlfn.XLOOKUP(E3206,LD_01[DOCUMENTO],LD_01[REVISÃO])=F3206,"VIGENTE","OBSOLETO") -> OBSOLETO | I3206: 535-545 | J3206: C:\Users\luis.nunes\OneDrive - ATERPA\00.SERVIDOR\SALA TÉCNICA\00.PROJETOS\02.DOCUMENTOS\ANO 01 | K3206: ="MSV-163MS-"&I3206 -> MSV-163MS-535-545 | L3206: =_xlfn.XLOOKUP(E3206,LD_PROJETOS!A:A,LD_PROJETOS!H:H) -> DR | M3206: =IF(H3206<>"OBSOLETO","",H3206) -> OBSOLETO | N3206: =_xlfn.TEXTJOIN("\",TRUE,J3206:M3206) -> C:\Users\luis.nunes\OneDrive - ATERPA\00.SERVIDOR\SALA TÉCNICA\00.PROJETOS\02.DOCUMENTOS\ANO 01\MSV-163MS-535-545\DR\OBSOLETO | O3206: REVISÃO | P3206: Alteração de projeto para contemplar modificações do ATO20
A3207: MSV-163MS-535-545-ACA-EXE-DE-H2-118-R03.dwg | B3207: 1895568 | C3207: Ano01_Projetos06_10.12.2025 | D3207: 46001 | E3207: MSV-163MS-535-545-ACA-EXE-DE-H2-118 | F3207: R03 | G3207: dwg | H3207: =IF(_xlfn.XLOOKUP(E3207,LD_01[DOCUMENTO],LD_01[REVISÃO])=F3207,"VIGENTE","OBSOLETO") -> VIGENTE | I3207: 535-545 | J3207: C:\Users\luis.nunes\OneDrive - ATERPA\00.SERVIDOR\SALA TÉCNICA\00.PROJETOS\02.DOCUMENTOS\ANO 01 | K3207: ="MSV-163MS-"&I3207 -> MSV-163MS-535-545 | L3207: =_xlfn.XLOOKUP(E3207,LD_PROJETOS!A:A,LD_PROJETOS!H:H) -> DR | M3207: =IF(H3207<>"OBSOLETO","",H3207) | N3207: =_xlfn.TEXTJOIN("\",TRUE,J3207:M3207) -> C:\Users\luis.nunes\OneDrive - ATERPA\00.SERVIDOR\SALA TÉCNICA\00.PROJETOS\02.DOCUMENTOS\ANO 01\MSV-163MS-535-545\DR | O3207: REVISÃO | P3207: Alteração de projeto para contemplar modificações do ATO20
... A3212: MSV-163MS-535-545-ACA-EXE-NS-C3-001-R02.zip | B3212: 8022372 | C3212: Ano01_Projetos06_10.12.2025 | D3212: 46001 | E3212: MSV-163MS-535-545-ACA-EXE-NS-C3-001 | F3212: R02 | G3212: zip | H3212: =IF(_xlfn.XLOOKUP(E3212,LD_01[DOCUMENTO],LD_01[REVISÃO])=F3212,"VIGENTE","OBSOLETO") -> OBSOLETO | I3212: 535-545 | J3212: C:\Users\luis.nunes\OneDrive - ATERPA\00.SERVIDOR\SALA TÉCNICA\00.PROJETOS\02.DOCUMENTOS\ANO 01 | K3212: ="MSV-163MS-"&I3212 -> MSV-163MS-535-545 | L3212: =_xlfn.XLOOKUP(E3212,LD_PROJETOS!A:A,LD_PROJETOS!H:H) -> PV | M3212: =IF(H3212<>"OBSOLETO","",H3212) -> OBSOLETO | N3212: =_xlfn.TEXTJOIN("\",TRUE,J3212:M3212) -> C:\Users\luis.nunes\OneDrive - ATERPA\00.SERVIDOR\SALA TÉCNICA\00.PROJETOS\02.DOCUMENTOS\ANO 01\MSV-163MS-535-545\PV\OBSOLETO | O3212: REVISÃO | P3212: Alteração de projetos para compatibilização de drenagem e pavimento.
A3213: MSV-163MS-535-545-ACA-EXE-DE-F1-005-R04.dwg | C3213: Ano01_Projetos08_10.03.2026 | D3213: 46091 | E3213: MSV-163MS-535-545-ACA-EXE-DE-F1-005 | F3213: R04 | G3213: dwg | H3213: =IF(_xlfn.XLOOKUP(E3213,LD_01[DOCUMENTO],LD_01[REVISÃO])=F3213,"VIGENTE","OBSOLETO") -> VIGENTE | I3213: 535-545 | J3213: C:\Users\luis.nunes\OneDrive - ATERPA\00.SERVIDOR\SALA TÉCNICA\00.PROJETOS\02.DOCUMENTOS\ANO 01 | K3213: ="MSV-163MS-"&I3213 -> MSV-163MS-535-545 | L3213: =_xlfn.XLOOKUP(E3213,LD_PROJETOS!A:A,LD_PROJETOS!H:H) -> GE | M3213: =IF(H3213<>"OBSOLETO","",H3213) | N3213: =_xlfn.TEXTJOIN("\",TRUE,J3213:M3213) -> C:\Users\luis.nunes\OneDrive - ATERPA\00.SERVIDOR\SALA TÉCNICA\00.PROJETOS\02.DOCUMENTOS\ANO 01\MSV-163MS-535-545\GE | O3213: REVISÃO | P3213: Alteração de projetos para compatibilização de drenagem e pavimento.
A3214: MSV-163MS-535-545-ACA-EXE-DE-F1-005-R04.pdf | C3214: Ano01_Projetos08_10.03.2026 | D3214: 46091 | E3214: MSV-163MS-535-545-ACA-EXE-DE-F1-005 | F3214: R04 | G3214: pdf | H3214: =IF(_xlfn.XLOOKUP(E3214,LD_01[DOCUMENTO],LD_01[REVISÃO])=F3214,"VIGENTE","OBSOLETO") -> VIGENTE | I3214: 535-545 | J3214: C:\Users\luis.nunes\OneDrive - ATERPA\00.SERVIDOR\SALA TÉCNICA\00.PROJETOS\02.DOCUMENTOS\ANO 01 | K3214: ="MSV-163MS-"&I3214 -> MSV-163MS-535-545 | L3214: =_xlfn.XLOOKUP(E3214,LD_PROJETOS!A:A,LD_PROJETOS!H:H) -> GE | M3214: =IF(H3214<>"OBSOLETO","",H3214) | N3214: =_xlfn.TEXTJOIN("\",TRUE,J3214:M3214) -> C:\Users\luis.nunes\OneDrive - ATERPA\00.SERVIDOR\SALA TÉCNICA\00.PROJETOS\02.DOCUMENTOS\ANO 01\MSV-163MS-535-545\GE | O3214: REVISÃO | P3214: Alteração de projetos para compatibilização de drenagem e pavimento.
A3215: MSV-163MS-535-545-ACA-EXE-DE-H2-005-R08.dwg | C3215: Ano01_Projetos08_10.03.2026 | D3215: 46091 | E3215: MSV-163MS-535-545-ACA-EXE-DE-H2-005 | F3215: R08 | G3215: dwg | H3215: =IF(_xlfn.XLOOKUP(E3215,LD_01[DOCUMENTO],LD_01[REVISÃO])=F3215,"VIGENTE","OBSOLETO") -> VIGENTE | I3215: 535-545 | J3215: C:\Users\luis.nunes\OneDrive - ATERPA\00.SERVIDOR\SALA TÉCNICA\00.PROJETOS\02.DOCUMENTOS\ANO 01 | K3215: ="MSV-163MS-"&I3215 -> MSV-163MS-535-545 | L3215: =_xlfn.XLOOKUP(E3215,LD_PROJETOS!A:A,LD_PROJETOS!H:H) -> DR | M3215: =IF(H3215<>"OBSOLETO","",H3215) | N3215: =_xlfn.TEXTJOIN("\",TRUE,J3215:M3215) -> C:\Users\luis.nunes\OneDrive - ATERPA\00.SERVIDOR\SALA TÉCNICA\00.PROJETOS\02.DOCUMENTOS\ANO 01\MSV-163MS-535-545\DR | O3215: REVISÃO | P3215: Alteração de projetos para compatibilização de drenagem e pavimento.
A3216: MSV-163MS-535-545-ACA-EXE-DE-H2-005-R08.pdf | C3216: Ano01_Projetos08_10.03.2026 | D3216: 46091 | E3216: MSV-163MS-535-545-ACA-EXE-DE-H2-005 | F3216: R08 | G3216: pdf | H3216: =IF(_xlfn.XLOOKUP(E3216,LD_01[DOCUMENTO],LD_01[REVISÃO])=F3216,"VIGENTE","OBSOLETO") -> VIGENTE | I3216: 535-545 | J3216: C:\Users\luis.nunes\OneDrive - ATERPA\00.SERVIDOR\SALA TÉCNICA\00.PROJETOS\02.DOCUMENTOS\ANO 01 | K3216: ="MSV-163MS-"&I3216 -> MSV-163MS-535-545 | L3216: =_xlfn.XLOOKUP(E3216,LD_PROJETOS!A:A,LD_PROJETOS!H:H) -> DR | M3216: =IF(H3216<>"OBSOLETO","",H3216) | N3216: =_xlfn.TEXTJOIN("\",TRUE,J3216:M3216) -> C:\Users\luis.nunes\OneDrive - ATERPA\00.SERVIDOR\SALA TÉCNICA\00.PROJETOS\02.DOCUMENTOS\ANO 01\MSV-163MS-535-545\DR | O3216: REVISÃO | P3216: Alteração de projetos para compatibilização de drenagem e pavimento.
A3217: MSV-163MS-535-545-ACA-EXE-DE-H2-021-R08.dwg | C3217: Ano01_Projetos08_10.03.2026 | D3217: 46091 | E3217: MSV-163MS-535-545-ACA-EXE-DE-H2-021 | F3217: R08 | G3217: dwg | H3217: =IF(_xlfn.XLOOKUP(E3217,LD_01[DOCUMENTO],LD_01[REVISÃO])=F3217,"VIGENTE","OBSOLETO") -> VIGENTE | I3217: 535-545 | J3217: C:\Users\luis.nunes\OneDrive - ATERPA\00.SERVIDOR\SALA TÉCNICA\00.PROJETOS\02.DOCUMENTOS\ANO 01 | K3217: ="MSV-163MS-"&I3217 -> MSV-163MS-535-545 | L3217: =_xlfn.XLOOKUP(E3217,LD_PROJETOS!A:A,LD_PROJETOS!H:H) -> DR | M3217: =IF(H3217<>"OBSOLETO","",H3217) | N3217: =_xlfn.TEXTJOIN("\",TRUE,J3217:M3217) -> C:\Users\luis.nunes\OneDrive - ATERPA\00.SERVIDOR\SALA TÉCNICA\00.PROJETOS\02.DOCUMENTOS\ANO 01\MSV-163MS-535-545\DR | O3217: REVISÃO | P3217: Alteração de projetos para compatibilização de drenagem e pavimento.
A3218: MSV-163MS-535-545-ACA-EXE-DE-H2-021-R08.pdf | C3218: Ano01_Projetos08_10.03.2026 | D3218: 46091 | E3218: MSV-163MS-535-545-ACA-EXE-DE-H2-021 | F3218: R08 | G3218: pdf | H3218: =IF(_xlfn.XLOOKUP(E3218,LD_01[DOCUMENTO],LD_01[REVISÃO])=F3218,"VIGENTE","OBSOLETO") -> VIGENTE | I3218: 535-545 | J3218: C:\Users\luis.nunes\OneDrive - ATERPA\00.SERVIDOR\SALA TÉCNICA\00.PROJETOS\02.DOCUMENTOS\ANO 01 | K3218: ="MSV-163MS-"&I3218 -> MSV-163MS-535-545 | L3218: =_xlfn.XLOOKUP(E3218,LD_PROJETOS!A:A,LD_PROJETOS!H:H) -> DR | M3218: =IF(H3218<>"OBSOLETO","",H3218) | N3218: =_xlfn.TEXTJOIN("\",TRUE,J3218:M3218) -> C:\Users\luis.nunes\OneDrive - ATERPA\00.SERVIDOR\SALA TÉCNICA\00.PROJETOS\02.DOCUMENTOS\ANO 01\MSV-163MS-535-545\DR | O3218: REVISÃO | P3218: Alteração de projetos para compatibilização de drenagem e pavimento.
A3219: MSV-163MS-535-545-ACA-EXE-NS-C3-001-R03.pdf | C3219: Ano01_Projetos08_10.03.2026 | D3219: 46091 | E3219: MSV-163MS-535-545-ACA-EXE-NS-C3-001 | F3219: R03 | G3219: pdf | H3219: =IF(_xlfn.XLOOKUP(E3219,LD_01[DOCUMENTO],LD_01[REVISÃO])=F3219,"VIGENTE","OBSOLETO") -> VIGENTE | I3219: 535-545 | J3219: C:\Users\luis.nunes\OneDrive - ATERPA\00.SERVIDOR\SALA TÉCNICA\00.PROJETOS\02.DOCUMENTOS\ANO 01 | K3219: ="MSV-163MS-"&I3219 -> MSV-163MS-535-545 | L3219: =_xlfn.XLOOKUP(E3219,LD_PROJETOS!A:A,LD_PROJETOS!H:H) -> PV | M3219: =IF(H3219<>"OBSOLETO","",H3219) | N3219: =_xlfn.TEXTJOIN("\",TRUE,J3219:M3219) -> C:\Users\luis.nunes\OneDrive - ATERPA\00.SERVIDOR\SALA TÉCNICA\00.PROJETOS\02.DOCUMENTOS\ANO 01\MSV-163MS-535-545\PV | O3219: REVISÃO | P3219: Alteração de projetos para compatibilização de drenagem e pavimento.
A3220: MSV-163MS-535-545-ACA-EXE-NS-C3-001-R03.zip | C3220: Ano01_Projetos08_10.03.2026 | D3220: 46091 | E3220: MSV-163MS-535-545-ACA-EXE-NS-C3-001 | F3220: R03 | G3220: zip | H3220: =IF(_xlfn.XLOOKUP(E3220,LD_01[DOCUMENTO],LD_01[REVISÃO])=F3220,"VIGENTE","OBSOLETO") -> VIGENTE | I3220: 535-545 | J3220: C:\Users\luis.nunes\OneDrive - ATERPA\00.SERVIDOR\SALA TÉCNICA\00.PROJETOS\02.DOCUMENTOS\ANO 01 | K3220: ="MSV-163MS-"&I3220 -> MSV-163MS-535-545 | L3220: =_xlfn.XLOOKUP(E3220,LD_PROJETOS!A:A,LD_PROJETOS!H:H) -> PV | M3220: =IF(H3220<>"OBSOLETO","",H3220) | N3220: =_xlfn.TEXTJOIN("\",TRUE,J3220:M3220) -> C:\Users\luis.nunes\OneDrive - ATERPA\00.SERVIDOR\SALA TÉCNICA\00.PROJETOS\02.DOCUMENTOS\ANO 01\MSV-163MS-535-545\PV | O3220: REVISÃO
A3221: MSV-163MS-638+600-EDI-EXE-DE-L2-401-R02.dwg | C3221: Ano01_Projetos09_17.04.2026 | D3221: 46129 | E3221: MSV-163MS-638+600-EDI-EXE-DE-L2-401 | F3221: R02 | G3221: dwg | H3221: =IF(_xlfn.XLOOKUP(E3221,LD_01[DOCUMENTO],LD_01[REVISÃO])=F3221,"VIGENTE","OBSOLETO") -> VIGENTE | I3221: 638-NORTE | J3221: C:\Users\luis.nunes\OneDrive - ATERPA\00.SERVIDOR\SALA TÉCNICA\00.PROJETOS\02.DOCUMENTOS\ANO 01 | K3221: ="MSV-163MS-"&I3221 -> MSV-163MS-638-NORTE | L3221: =_xlfn.XLOOKUP(E3221,LD_PROJETOS!A:A,LD_PROJETOS!H:H) -> ES | M3221: =IF(H3221<>"OBSOLETO","",H3221) | N3221: =_xlfn.TEXTJOIN("\",TRUE,J3221:M3221) -> C:\Users\luis.nunes\OneDrive - ATERPA\00.SERVIDOR\SALA TÉCNICA\00.PROJETOS\02.DOCUMENTOS\ANO 01\MSV-163MS-638-NORTE\ES | O3221: REVISÃO
A3222: MSV-163MS-638+600-EDI-EXE-DE-L2-401-R02.pdf | C3222: Ano01_Projetos09_17.04.2026 | D3222: 46129 | E3222: MSV-163MS-638+600-EDI-EXE-DE-L2-401 | F3222: R02 | G3222: pdf | H3222: =IF(_xlfn.XLOOKUP(E3222,LD_01[DOCUMENTO],LD_01[REVISÃO])=F3222,"VIGENTE","OBSOLETO") -> VIGENTE | I3222: 638-NORTE | J3222: C:\Users\luis.nunes\OneDrive - ATERPA\00.SERVIDOR\SALA TÉCNICA\00.PROJETOS\02.DOCUMENTOS\ANO 01 | K3222: ="MSV-163MS-"&I3222 -> MSV-163MS-638-NORTE | L3222: =_xlfn.XLOOKUP(E3222,LD_PROJETOS!A:A,LD_PROJETOS!H:H) -> ES | M3222: =IF(H3222<>"OBSOLETO","",H3222) | N3222: =_xlfn.TEXTJOIN("\",TRUE,J3222:M3222) -> C:\Users\luis.nunes\OneDrive - ATERPA\00.SERVIDOR\SALA TÉCNICA\00.PROJETOS\02.DOCUMENTOS\ANO 01\MSV-163MS-638-NORTE\ES | O3222: REVISÃO
A3223: MSV-163MS-638+600-EDI-EXE-DE-L2-501-R02.dwg | C3223: Ano01_Projetos09_17.04.2026 | D3223: 46129 | E3223: MSV-163MS-638+600-EDI-EXE-DE-L2-501 | F3223: R02 | G3223: dwg | H3223: =IF(_xlfn.XLOOKUP(E3223,LD_01[DOCUMENTO],LD_01[REVISÃO])=F3223,"VIGENTE","OBSOLETO") -> VIGENTE | I3223: 638-NORTE | J3223: C:\Users\luis.nunes\OneDrive - ATERPA\00.SERVIDOR\SALA TÉCNICA\00.PROJETOS\02.DOCUMENTOS\ANO 01 | K3223: ="MSV-163MS-"&I3223 -> MSV-163MS-638-NORTE | L3223: =_xlfn.XLOOKUP(E3223,LD_PROJETOS!A:A,LD_PROJETOS!H:H) -> ES | M3223: =IF(H3223<>"OBSOLETO","",H3223) | N3223: =_xlfn.TEXTJOIN("\",TRUE,J3223:M3223) -> C:\Users\luis.nunes\OneDrive - ATERPA\00.SERVIDOR\SALA TÉCNICA\00.PROJETOS\02.DOCUMENTOS\ANO 01\MSV-163MS-638-NORTE\ES | O3223: REVISÃO
A3224: MSV-163MS-638+600-EDI-EXE-DE-L2-501-R02.pdf | C3224: Ano01_Projetos09_17.04.2026 | D3224: 46129 | E3224: MSV-163MS-638+600-EDI-EXE-DE-L2-501 | F3224: R02 | G3224: pdf | H3224: =IF(_xlfn.XLOOKUP(E3224,LD_01[DOCUMENTO],LD_01[REVISÃO])=F3224,"VIGENTE","OBSOLETO") -> VIGENTE | I3224: 638-NORTE | J3224: C:\Users\luis.nunes\OneDrive - ATERPA\00.SERVIDOR\SALA TÉCNICA\00.PROJETOS\02.DOCUMENTOS\ANO 01 | K3224: ="MSV-163MS-"&I3224 -> MSV-163MS-638-NORTE | L3224: =_xlfn.XLOOKUP(E3224,LD_PROJETOS!A:A,LD_PROJETOS!H:H) -> ES | M3224: =IF(H3224<>"OBSOLETO","",H3224) | N3224: =_xlfn.TEXTJOIN("\",TRUE,J3224:M3224) -> C:\Users\luis.nunes\OneDrive - ATERPA\00.SERVIDOR\SALA TÉCNICA\00.PROJETOS\02.DOCUMENTOS\ANO 01\MSV-163MS-638-NORTE\ES | O3224: REVISÃO
A3225: MSV-163MS-638+600-EDI-EXE-DE-P1-101-R03-utm.dwg | C3225: Ano01_Projetos09_17.04.2026 | D3225: 46129 | E3225: MSV-163MS-638+600-EDI-EXE-DE-P1-101 | F3225: R03 | G3225: dwg | H3225: =IF(_xlfn.XLOOKUP(E3225,LD_01[DOCUMENTO],LD_01[REVISÃO])=F3225,"VIGENTE","OBSOLETO") -> VIGENTE | I3225: 638-NORTE | J3225: C:\Users\luis.nunes\OneDrive - ATERPA\00.SERVIDOR\SALA TÉCNICA\00.PROJETOS\02.DOCUMENTOS\ANO 01 | K3225: ="MSV-163MS-"&I3225 -> MSV-163MS-638-NORTE | L3225: =_xlfn.XLOOKUP(E3225,LD_PROJETOS!A:A,LD_PROJETOS!H:H) -> AQ | M3225: =IF(H3225<>"OBSOLETO","",H3225) | N3225: =_xlfn.TEXTJOIN("\",TRUE,J3225:M3225) -> C:\Users\luis.nunes\OneDrive - ATERPA\00.SERVIDOR\SALA TÉCNICA\00.PROJETOS\02.DOCUMENTOS\ANO 01\MSV-163MS-638-NORTE\AQ | O3225: REVISÃO
A3226: MSV-163MS-638+600-EDI-EXE-DE-P1-101-R03.dwg | C3226: Ano01_Projetos09_17.04.2026 | D3226: 46129 | E3226: MSV-163MS-638+600-EDI-EXE-DE-P1-101 | F3226: R03 | G3226: dwg | H3226: =IF(_xlfn.XLOOKUP(E3226,LD_01[DOCUMENTO],LD_01[REVISÃO])=F3226,"VIGENTE","OBSOLETO") -> VIGENTE | I3226: 638-NORTE | J3226: C:\Users\luis.nunes\OneDrive - ATERPA\00.SERVIDOR\SALA TÉCNICA\00.PROJETOS\02.DOCUMENTOS\ANO 01 | K3226: ="MSV-163MS-"&I3226 -> MSV-163MS-638-NORTE | L3226: =_xlfn.XLOOKUP(E3226,LD_PROJETOS!A:A,LD_PROJETOS!H:H) -> AQ | M3226: =IF(H3226<>"OBSOLETO","",H3226) | N3226: =_xlfn.TEXTJOIN("\",TRUE,J3226:M3226) -> C:\Users\luis.nunes\OneDrive - ATERPA\00.SERVIDOR\SALA TÉCNICA\00.PROJETOS\02.DOCUMENTOS\ANO 01\MSV-163MS-638-NORTE\AQ | O3226: REVISÃO
A3227: MSV-163MS-638+600-EDI-EXE-DE-P1-101-R03.pdf | C3227: Ano01_Projetos09_17.04.2026 | D3227: 46129 | E3227: MSV-163MS-638+600-EDI-EXE-DE-P1-101 | F3227: R03 | G3227: pdf | H3227: =IF(_xlfn.XLOOKUP(E3227,LD_01[DOCUMENTO],LD_01[REVISÃO])=F3227,"VIGENTE","OBSOLETO") -> VIGENTE | I3227: 638-NORTE | J3227: C:\Users\luis.nunes\OneDrive - ATERPA\00.SERVIDOR\SALA TÉCNICA\00.PROJETOS\02.DOCUMENTOS\ANO 01 | K3227: ="MSV-163MS-"&I3227 -> MSV-163MS-638-NORTE | L3227: =_xlfn.XLOOKUP(E3227,LD_PROJETOS!A:A,LD_PROJETOS!H:H) -> AQ | M3227: =IF(H3227<>"OBSOLETO","",H3227) | N3227: =_xlfn.TEXTJOIN("\",TRUE,J3227:M3227) -> C:\Users\luis.nunes\OneDrive - ATERPA\00.SERVIDOR\SALA TÉCNICA\00.PROJETOS\02.DOCUMENTOS\ANO 01\MSV-163MS-638-NORTE\AQ | O3227: REVISÃO
A3228: MSV-163MS-638+600-EDI-EXE-DE-P2-401-R02.dwg | C3228: Ano01_Projetos09_17.04.2026 | D3228: 46129 | E3228: MSV-163MS-638+600-EDI-EXE-DE-P2-401 | F3228: R02 | G3228: dwg | H3228: =IF(_xlfn.XLOOKUP(E3228,LD_01[DOCUMENTO],LD_01[REVISÃO])=F3228,"VIGENTE","OBSOLETO") -> VIGENTE | I3228: 638-NORTE | J3228: C:\Users\luis.nunes\OneDrive - ATERPA\00.SERVIDOR\SALA TÉCNICA\00.PROJETOS\02.DOCUMENTOS\ANO 01 | K3228: ="MSV-163MS-"&I3228 -> MSV-163MS-638-NORTE | L3228: =_xlfn.XLOOKUP(E3228,LD_PROJETOS!A:A,LD_PROJETOS!H:H) -> EL | M3228: =IF(H3228<>"OBSOLETO","",H3228) | N3228: =_xlfn.TEXTJOIN("\",TRUE,J3228:M3228) -> C:\Users\luis.nunes\OneDrive - ATERPA\00.SERVIDOR\SALA TÉCNICA\00.PROJETOS\02.DOCUMENTOS\ANO 01\MSV-163MS-638-NORTE\EL | O3228: REVISÃO
A3229: MSV-163MS-638+600-EDI-EXE-DE-P2-401-R02.pdf | C3229: Ano01_Projetos09_17.04.2026 | D3229: 46129 | E3229: MSV-163MS-638+600-EDI-EXE-DE-P2-401 | F3229: R02 | G3229: pdf | H3229: =IF(_xlfn.XLOOKUP(E3229,LD_01[DOCUMENTO],LD_01[REVISÃO])=F3229,"VIGENTE","OBSOLETO") -> VIGENTE | I3229: 638-NORTE | J3229: C:\Users\luis.nunes\OneDrive - ATERPA\00.SERVIDOR\SALA TÉCNICA\00.PROJETOS\02.DOCUMENTOS\ANO 01 | K3229: ="MSV-163MS-"&I3229 -> MSV-163MS-638-NORTE | L3229: =_xlfn.XLOOKUP(E3229,LD_PROJETOS!A:A,LD_PROJETOS!H:H) -> EL | M3229: =IF(H3229<>"OBSOLETO","",H3229) | N3229: =_xlfn.TEXTJOIN("\",TRUE,J3229:M3229) -> C:\Users\luis.nunes\OneDrive - ATERPA\00.SERVIDOR\SALA TÉCNICA\00.PROJETOS\02.DOCUMENTOS\ANO 01\MSV-163MS-638-NORTE\EL | O3229: REVISÃO
A3230: MSV-163MS-638+600-EDI-EXE-DE-P2-601-R00-utm.dwg | C3230: Ano01_Projetos09_17.04.2026 | D3230: 46129 | E3230: MSV-163MS-638+600-EDI-EXE-DE-P2-601 | F3230: R00 | G3230: dwg | H3230: =IF(_xlfn.XLOOKUP(E3230,LD_01[DOCUMENTO],LD_01[REVISÃO])=F3230,"VIGENTE","OBSOLETO") -> VIGENTE | I3230: 638-NORTE | J3230: C:\Users\luis.nunes\OneDrive - ATERPA\00.SERVIDOR\SALA TÉCNICA\00.PROJETOS\02.DOCUMENTOS\ANO 01 | K3230: ="MSV-163MS-"&I3230 -> MSV-163MS-638-NORTE | L3230: =_xlfn.XLOOKUP(E3230,LD_PROJETOS!A:A,LD_PROJETOS!H:H) -> EL | M3230: =IF(H3230<>"OBSOLETO","",H3230) | N3230: =_xlfn.TEXTJOIN("\",TRUE,J3230:M3230) -> C:\Users\luis.nunes\OneDrive - ATERPA\00.SERVIDOR\SALA TÉCNICA\00.PROJETOS\02.DOCUMENTOS\ANO 01\MSV-163MS-638-NORTE\EL | O3230: NOVO
A3231: MSV-163MS-638+600-EDI-EXE-DE-P2-601-R00.dwg | C3231: Ano01_Projetos09_17.04.2026 | D3231: 46129 | E3231: MSV-163MS-638+600-EDI-EXE-DE-P2-601 | F3231: R00 | G3231: dwg | H3231: =IF(_xlfn.XLOOKUP(E3231,LD_01[DOCUMENTO],LD_01[REVISÃO])=F3231,"VIGENTE","OBSOLETO") -> VIGENTE | I3231: 638-NORTE | J3231: C:\Users\luis.nunes\OneDrive - ATERPA\00.SERVIDOR\SALA TÉCNICA\00.PROJETOS\02.DOCUMENTOS\ANO 01 | K3231: ="MSV-163MS-"&I3231 -> MSV-163MS-638-NORTE | L3231: =_xlfn.XLOOKUP(E3231,LD_PROJETOS!A:A,LD_PROJETOS!H:H) -> EL | M3231: =IF(H3231<>"OBSOLETO","",H3231) | N3231: =_xlfn.TEXTJOIN("\",TRUE,J3231:M3231) -> C:\Users\luis.nunes\OneDrive - ATERPA\00.SERVIDOR\SALA TÉCNICA\00.PROJETOS\02.DOCUMENTOS\ANO 01\MSV-163MS-638-NORTE\EL | O3231: NOVO
... A3246: MSV-163MS-638+600-EDI-EXE-DE-P2-404-R03.pdf | C3246: Ano01_Projetos11_27.05.2026 | D3246: 46169 | E3246: MSV-163MS-638+600-EDI-EXE-DE-P2-404 | F3246: R03 | G3246: pdf | H3246: =IF(_xlfn.XLOOKUP(E3246,LD_01[DOCUMENTO],LD_01[REVISÃO])=F3246,"VIGENTE","OBSOLETO") -> VIGENTE | I3246: 638-NORTE | J3246: C:\Users\luis.nunes\OneDrive - ATERPA\00.SERVIDOR\SALA TÉCNICA\00.PROJETOS\02.DOCUMENTOS\ANO 01 | K3246: ="MSV-163MS-"&I3246 -> MSV-163MS-638-NORTE | L3246: =_xlfn.XLOOKUP(E3246,LD_PROJETOS!A:A,LD_PROJETOS!H:H) -> EL | M3246: =IF(H3246<>"OBSOLETO","",H3246) | N3246: =_xlfn.TEXTJOIN("\",TRUE,J3246:M3246) -> C:\Users\luis.nunes\OneDrive - ATERPA\00.SERVIDOR\SALA TÉCNICA\00.PROJETOS\02.DOCUMENTOS\ANO 01\MSV-163MS-638-NORTE\EL | O3246: REVISÃO
A3247: MSV-163MS-647-650-ACA-EXE-DE-H1-001-R00.2.dwg | B3247: 5673968 | C3247: Ano02_Projetos07_21.01.2026 | D3247: 46043 | E3247: MSV-163MS-647-650-ACA-EXE-DE-H1-001 | F3247: R00.2 | G3247: dwg | H3247: =IF(_xlfn.XLOOKUP(E3247,LD_01[DOCUMENTO],LD_01[REVISÃO])=F3247,"VIGENTE","OBSOLETO") -> VIGENTE | I3247: 647-650 | J3247: C:\Users\luis.nunes\OneDrive - ATERPA\00.SERVIDOR\SALA TÉCNICA\00.PROJETOS\02.DOCUMENTOS\ANO 02 | K3247: ="MSV-163MS-"&I3247 -> MSV-163MS-647-650 | L3247: =_xlfn.XLOOKUP(E3247,LD_PROJETOS!A:A,LD_PROJETOS!H:H) -> DR | M3247: =IF(H3247<>"OBSOLETO","",H3247) | N3247: =_xlfn.TEXTJOIN("\",TRUE,J3247:M3247) -> C:\Users\luis.nunes\OneDrive - ATERPA\00.SERVIDOR\SALA TÉCNICA\00.PROJETOS\02.DOCUMENTOS\ANO 02\MSV-163MS-647-650\DR
A3248: MSV-163MS-647-650-ACA-EXE-DE-H1-001-R00.2.pdf | B3248: 53952203 | C3248: Ano02_Projetos07_21.01.2026 | D3248: 46043 | E3248: MSV-163MS-647-650-ACA-EXE-DE-H1-001 | F3248: R00.2 | G3248: pdf | H3248: =IF(_xlfn.XLOOKUP(E3248,LD_01[DOCUMENTO],LD_01[REVISÃO])=F3248,"VIGENTE","OBSOLETO") -> VIGENTE | I3248: 647-650 | J3248: C:\Users\luis.nunes\OneDrive - ATERPA\00.SERVIDOR\SALA TÉCNICA\00.PROJETOS\02.DOCUMENTOS\ANO 02 | K3248: ="MSV-163MS-"&I3248 -> MSV-163MS-647-650 | L3248: =_xlfn.XLOOKUP(E3248,LD_PROJETOS!A:A,LD_PROJETOS!H:H) -> DR | M3248: =IF(H3248<>"OBSOLETO","",H3248) | N3248: =_xlfn.TEXTJOIN("\",TRUE,J3248:M3248) -> C:\Users\luis.nunes\OneDrive - ATERPA\00.SERVIDOR\SALA TÉCNICA\00.PROJETOS\02.DOCUMENTOS\ANO 02\MSV-163MS-647-650\DR
A3249: MSV-163MS-647-650-ACA-EXE-DE-H2-001-R00.4.dwg | B3249: 2920491 | C3249: Ano02_Projetos07_21.01.2026 | D3249: 46043 | E3249: MSV-163MS-647-650-ACA-EXE-DE-H2-001 | F3249: R00.4 | G3249: dwg | H3249: =IF(_xlfn.XLOOKUP(E3249,LD_01[DOCUMENTO],LD_01[REVISÃO])=F3249,"VIGENTE","OBSOLETO") -> VIGENTE | I3249: 647-650 | J3249: C:\Users\luis.nunes\OneDrive - ATERPA\00.SERVIDOR\SALA TÉCNICA\00.PROJETOS\02.DOCUMENTOS\ANO 02 | K3249: ="MSV-163MS-"&I3249 -> MSV-163MS-647-650 | L3249: =_xlfn.XLOOKUP(E3249,LD_PROJETOS!A:A,LD_PROJETOS!H:H) -> DR | M3249: =IF(H3249<>"OBSOLETO","",H3249) | N3249: =_xlfn.TEXTJOIN("\",TRUE,J3249:M3249) -> C:\Users\luis.nunes\OneDrive - ATERPA\00.SERVIDOR\SALA TÉCNICA\00.PROJETOS\02.DOCUMENTOS\ANO 02\MSV-163MS-647-650\DR
A3250: MSV-163MS-647-650-ACA-EXE-DE-H2-001-R00.4.pdf | B3250: 474609 | C3250: Ano02_Projetos07_21.01.2026 | D3250: 46043 | E3250: MSV-163MS-647-650-ACA-EXE-DE-H2-001 | F3250: R00.4 | G3250: pdf | H3250: =IF(_xlfn.XLOOKUP(E3250,LD_01[DOCUMENTO],LD_01[REVISÃO])=F3250,"VIGENTE","OBSOLETO") -> VIGENTE | I3250: 647-650 | J3250: C:\Users\luis.nunes\OneDrive - ATERPA\00.SERVIDOR\SALA TÉCNICA\00.PROJETOS\02.DOCUMENTOS\ANO 02 | K3250: ="MSV-163MS-"&I3250 -> MSV-163MS-647-650 | L3250: =_xlfn.XLOOKUP(E3250,LD_PROJETOS!A:A,LD_PROJETOS!H:H) -> DR | M3250: =IF(H3250<>"OBSOLETO","",H3250) | N3250: =_xlfn.TEXTJOIN("\",TRUE,J3250:M3250) -> C:\Users\luis.nunes\OneDrive - ATERPA\00.SERVIDOR\SALA TÉCNICA\00.PROJETOS\02.DOCUMENTOS\ANO 02\MSV-163MS-647-650\DR
A3251: MSV-163MS-647-650-ACA-EXE-DE-H2-002-R00.4.dwg | B3251: 2916158 | C3251: Ano02_Projetos07_21.01.2026 | D3251: 46043 | E3251: MSV-163MS-647-650-ACA-EXE-DE-H2-002 | F3251: R00.4 | G3251: dwg | H3251: =IF(_xlfn.XLOOKUP(E3251,LD_01[DOCUMENTO],LD_01[REVISÃO])=F3251,"VIGENTE","OBSOLETO") -> VIGENTE | I3251: 647-650 | J3251: C:\Users\luis.nunes\OneDrive - ATERPA\00.SERVIDOR\SALA TÉCNICA\00.PROJETOS\02.DOCUMENTOS\ANO 02 | K3251: ="MSV-163MS-"&I3251 -> MSV-163MS-647-650 | L3251: =_xlfn.XLOOKUP(E3251,LD_PROJETOS!A:A,LD_PROJETOS!H:H) -> DR | M3251: =IF(H3251<>"OBSOLETO","",H3251) | N3251: =_xlfn.TEXTJOIN("\",TRUE,J3251:M3251) -> C:\Users\luis.nunes\OneDrive - ATERPA\00.SERVIDOR\SALA TÉCNICA\00.PROJETOS\02.DOCUMENTOS\ANO 02\MSV-163MS-647-650\DR
A3252: MSV-163MS-647-650-ACA-EXE-DE-H2-002-R00.4.pdf | B3252: 514594 | C3252: Ano02_Projetos07_21.01.2026 | D3252: 46043 | E3252: MSV-163MS-647-650-ACA-EXE-DE-H2-002 | F3252: R00.4 | G3252: pdf | H3252: =IF(_xlfn.XLOOKUP(E3252,LD_01[DOCUMENTO],LD_01[REVISÃO])=F3252,"VIGENTE","OBSOLETO") -> VIGENTE | I3252: 647-650 | J3252: C:\Users\luis.nunes\OneDrive - ATERPA\00.SERVIDOR\SALA TÉCNICA\00.PROJETOS\02.DOCUMENTOS\ANO 02 | K3252: ="MSV-163MS-"&I3252 -> MSV-163MS-647-650 | L3252: =_xlfn.XLOOKUP(E3252,LD_PROJETOS!A:A,LD_PROJETOS!H:H) -> DR | M3252: =IF(H3252<>"OBSOLETO","",H3252) | N3252: =_xlfn.TEXTJOIN("\",TRUE,J3252:M3252) -> C:\Users\luis.nunes\OneDrive - ATERPA\00.SERVIDOR\SALA TÉCNICA\00.PROJETOS\02.DOCUMENTOS\ANO 02\MSV-163MS-647-650\DR
A3253: MSV-163MS-647-650-ACA-EXE-DE-H2-003-R00.4.dwg | B3253: 2925498 | C3253: Ano02_Projetos07_21.01.2026 | D3253: 46043 | E3253: MSV-163MS-647-650-ACA-EXE-DE-H2-003 | F3253: R00.4 | G3253: dwg | H3253: =IF(_xlfn.XLOOKUP(E3253,LD_01[DOCUMENTO],LD_01[REVISÃO])=F3253,"VIGENTE","OBSOLETO") -> VIGENTE | I3253: 647-650 | J3253: C:\Users\luis.nunes\OneDrive - ATERPA\00.SERVIDOR\SALA TÉCNICA\00.PROJETOS\02.DOCUMENTOS\ANO 02 | K3253: ="MSV-163MS-"&I3253 -> MSV-163MS-647-650 | L3253: =_xlfn.XLOOKUP(E3253,LD_PROJETOS!A:A,LD_PROJETOS!H:H) -> DR | M3253: =IF(H3253<>"OBSOLETO","",H3253) | N3253: =_xlfn.TEXTJOIN("\",TRUE,J3253:M3253) -> C:\Users\luis.nunes\OneDrive - ATERPA\00.SERVIDOR\SALA TÉCNICA\00.PROJETOS\02.DOCUMENTOS\ANO 02\MSV-163MS-647-650\DR
A3254: MSV-163MS-647-650-ACA-EXE-DE-H2-003-R00.4.pdf | B3254: 513758 | C3254: Ano02_Projetos07_21.01.2026 | D3254: 46043 | E3254: MSV-163MS-647-650-ACA-EXE-DE-H2-003 | F3254: R00.4 | G3254: pdf | H3254: =IF(_xlfn.XLOOKUP(E3254,LD_01[DOCUMENTO],LD_01[REVISÃO])=F3254,"VIGENTE","OBSOLETO") -> VIGENTE | I3254: 647-650 | J3254: C:\Users\luis.nunes\OneDrive - ATERPA\00.SERVIDOR\SALA TÉCNICA\00.PROJETOS\02.DOCUMENTOS\ANO 02 | K3254: ="MSV-163MS-"&I3254 -> MSV-163MS-647-650 | L3254: =_xlfn.XLOOKUP(E3254,LD_PROJETOS!A:A,LD_PROJETOS!H:H) -> DR | M3254: =IF(H3254<>"OBSOLETO","",H3254) | N3254: =_xlfn.TEXTJOIN("\",TRUE,J3254:M3254) -> C:\Users\luis.nunes\OneDrive - ATERPA\00.SERVIDOR\SALA TÉCNICA\00.PROJETOS\02.DOCUMENTOS\ANO 02\MSV-163MS-647-650\DR
A3255: MSV-163MS-647-650-ACA-EXE-DE-H2-004-R00.4.dwg | B3255: 2913133 | C3255: Ano02_Projetos07_21.01.2026 | D3255: 46043 | E3255: MSV-163MS-647-650-ACA-EXE-DE-H2-004 | F3255: R00.4 | G3255: dwg | H3255: =IF(_xlfn.XLOOKUP(E3255,LD_01[DOCUMENTO],LD_01[REVISÃO])=F3255,"VIGENTE","OBSOLETO") -> VIGENTE | I3255: 647-650 | J3255: C:\Users\luis.nunes\OneDrive - ATERPA\00.SERVIDOR\SALA TÉCNICA\00.PROJETOS\02.DOCUMENTOS\ANO 02 | K3255: ="MSV-163MS-"&I3255 -> MSV-163MS-647-650 | L3255: =_xlfn.XLOOKUP(E3255,LD_PROJETOS!A:A,LD_PROJETOS!H:H) -> DR | M3255: =IF(H3255<>"OBSOLETO","",H3255) | N3255: =_xlfn.TEXTJOIN("\",TRUE,J3255:M3255) -> C:\Users\luis.nunes\OneDrive - ATERPA\00.SERVIDOR\SALA TÉCNICA\00.PROJETOS\02.DOCUMENTOS\ANO 02\MSV-163MS-647-650\DR
A3256: MSV-163MS-647-650-ACA-EXE-DE-H2-004-R00.4.pdf | B3256: 664734 | C3256: Ano02_Projetos07_21.01.2026 | D3256: 46043 | E3256: MSV-163MS-647-650-ACA-EXE-DE-H2-004 | F3256: R00.4 | G3256: pdf | H3256: =IF(_xlfn.XLOOKUP(E3256,LD_01[DOCUMENTO],LD_01[REVISÃO])=F3256,"VIGENTE","OBSOLETO") -> VIGENTE | I3256: 647-650 | J3256: C:\Users\luis.nunes\OneDrive - ATERPA\00.SERVIDOR\SALA TÉCNICA\00.PROJETOS\02.DOCUMENTOS\ANO 02 | K3256: ="MSV-163MS-"&I3256 -> MSV-163MS-647-650 | L3256: =_xlfn.XLOOKUP(E3256,LD_PROJETOS!A:A,LD_PROJETOS!H:H) -> DR | M3256: =IF(H3256<>"OBSOLETO","",H3256) | N3256: =_xlfn.TEXTJOIN("\",TRUE,J3256:M3256) -> C:\Users\luis.nunes\OneDrive - ATERPA\00.SERVIDOR\SALA TÉCNICA\00.PROJETOS\02.DOCUMENTOS\ANO 02\MSV-163MS-647-650\DR
A3257: MSV-163MS-647-650-ACA-EXE-DE-H2-005-R00.4.dwg | B3257: 2915307 | C3257: Ano02_Projetos07_21.01.2026 | D3257: 46043 | E3257: MSV-163MS-647-650-ACA-EXE-DE-H2-005 | F3257: R00.4 | G3257: dwg | H3257: =IF(_xlfn.XLOOKUP(E3257,LD_01[DOCUMENTO],LD_01[REVISÃO])=F3257,"VIGENTE","OBSOLETO") -> VIGENTE | I3257: 647-650 | J3257: C:\Users\luis.nunes\OneDrive - ATERPA\00.SERVIDOR\SALA TÉCNICA\00.PROJETOS\02.DOCUMENTOS\ANO 02 | K3257: ="MSV-163MS-"&I3257 -> MSV-163MS-647-650 | L3257: =_xlfn.XLOOKUP(E3257,LD_PROJETOS!A:A,LD_PROJETOS!H:H) -> DR | M3257: =IF(H3257<>"OBSOLETO","",H3257) | N3257: =_xlfn.TEXTJOIN("\",TRUE,J3257:M3257) -> C:\Users\luis.nunes\OneDrive - ATERPA\00.SERVIDOR\SALA TÉCNICA\00.PROJETOS\02.DOCUMENTOS\ANO 02\MSV-163MS-647-650\DR
A3258: MSV-163MS-647-650-ACA-EXE-DE-H2-005-R00.4.pdf | B3258: 669784 | C3258: Ano02_Projetos07_21.01.2026 | D3258: 46043 | E3258: MSV-163MS-647-650-ACA-EXE-DE-H2-005 | F3258: R00.4 | G3258: pdf | H3258: =IF(_xlfn.XLOOKUP(E3258,LD_01[DOCUMENTO],LD_01[REVISÃO])=F3258,"VIGENTE","OBSOLETO") -> VIGENTE | I3258: 647-650 | J3258: C:\Users\luis.nunes\OneDrive - ATERPA\00.SERVIDOR\SALA TÉCNICA\00.PROJETOS\02.DOCUMENTOS\ANO 02 | K3258: ="MSV-163MS-"&I3258 -> MSV-163MS-647-650 | L3258: =_xlfn.XLOOKUP(E3258,LD_PROJETOS!A:A,LD_PROJETOS!H:H) -> DR | M3258: =IF(H3258<>"OBSOLETO","",H3258) | N3258: =_xlfn.TEXTJOIN("\",TRUE,J3258:M3258) -> C:\Users\luis.nunes\OneDrive - ATERPA\00.SERVIDOR\SALA TÉCNICA\00.PROJETOS\02.DOCUMENTOS\ANO 02\MSV-163MS-647-650\DR
... A3550: MSV-163MS-647-650-ACA-EXE-RT-N2-100-R00.0.pdf | B3550: 778116 | C3550: Ano02_Projetos07_21.01.2026 | D3550: 46043 | E3550: MSV-163MS-647-650-ACA-EXE-RT-N2-100 | F3550: R00.0 | G3550: pdf | H3550: =IF(_xlfn.XLOOKUP(E3550,LD_01[DOCUMENTO],LD_01[REVISÃO])=F3550,"VIGENTE","OBSOLETO") -> VIGENTE | I3550: 647-650 | J3550: C:\Users\luis.nunes\OneDrive - ATERPA\00.SERVIDOR\SALA TÉCNICA\00.PROJETOS\02.DOCUMENTOS\ANO 02 | K3550: ="MSV-163MS-"&I3550 -> MSV-163MS-647-650 | L3550: =_xlfn.XLOOKUP(E3550,LD_PROJETOS!A:A,LD_PROJETOS!H:H) -> DR | M3550: =IF(H3550<>"OBSOLETO","",H3550) | N3550: =_xlfn.TEXTJOIN("\",TRUE,J3550:M3550) -> C:\Users\luis.nunes\OneDrive - ATERPA\00.SERVIDOR\SALA TÉCNICA\00.PROJETOS\02.DOCUMENTOS\ANO 02\MSV-163MS-647-650\DR
A3551: MSV-163MS-638+600-EDI-EXE-DE-K2-001-R05.dwg | C3551: Ano01_Projetos12_16.06.2026 | D3551: 46189 | E3551: MSV-163MS-638+600-EDI-EXE-DE-K2-001 | F3551: R05 | G3551: dwg | H3551: =IF(_xlfn.XLOOKUP(E3551,LD_01[DOCUMENTO],LD_01[REVISÃO])=F3551,"VIGENTE","OBSOLETO") -> VIGENTE | I3551: 638-NORTE | J3551: C:\Users\luis.nunes\OneDrive - ATERPA\00.SERVIDOR\SALA TÉCNICA\00.PROJETOS\02.DOCUMENTOS\ANO 01 | K3551: ="MSV-163MS-"&I3551 -> MSV-163MS-638-NORTE | L3551: =_xlfn.XLOOKUP(E3551,LD_PROJETOS!A:A,LD_PROJETOS!H:H) -> EL | M3551: =IF(H3551<>"OBSOLETO","",H3551) | N3551: =_xlfn.TEXTJOIN("\",TRUE,J3551:M3551) -> C:\Users\luis.nunes\OneDrive - ATERPA\00.SERVIDOR\SALA TÉCNICA\00.PROJETOS\02.DOCUMENTOS\ANO 01\MSV-163MS-638-NORTE\EL
A3552: MSV-163MS-638+600-EDI-EXE-DE-K2-001-R05.pdf | C3552: Ano01_Projetos12_16.06.2026 | D3552: 46189 | E3552: MSV-163MS-638+600-EDI-EXE-DE-K2-001 | F3552: R05 | G3552: pdf | H3552: =IF(_xlfn.XLOOKUP(E3552,LD_01[DOCUMENTO],LD_01[REVISÃO])=F3552,"VIGENTE","OBSOLETO") -> VIGENTE | I3552: 638-NORTE | J3552: C:\Users\luis.nunes\OneDrive - ATERPA\00.SERVIDOR\SALA TÉCNICA\00.PROJETOS\02.DOCUMENTOS\ANO 01 | K3552: ="MSV-163MS-"&I3552 -> MSV-163MS-638-NORTE | L3552: =_xlfn.XLOOKUP(E3552,LD_PROJETOS!A:A,LD_PROJETOS!H:H) -> EL | M3552: =IF(H3552<>"OBSOLETO","",H3552) | N3552: =_xlfn.TEXTJOIN("\",TRUE,J3552:M3552) -> C:\Users\luis.nunes\OneDrive - ATERPA\00.SERVIDOR\SALA TÉCNICA\00.PROJETOS\02.DOCUMENTOS\ANO 01\MSV-163MS-638-NORTE\EL
A3553: MSV-163MS-638+600-EDI-EXE-DE-K2-003-R05.dwg | C3553: Ano01_Projetos12_16.06.2026 | D3553: 46189 | E3553: MSV-163MS-638+600-EDI-EXE-DE-K2-003 | F3553: R05 | G3553: dwg | H3553: =IF(_xlfn.XLOOKUP(E3553,LD_01[DOCUMENTO],LD_01[REVISÃO])=F3553,"VIGENTE","OBSOLETO") -> VIGENTE | I3553: 638-NORTE | J3553: C:\Users\luis.nunes\OneDrive - ATERPA\00.SERVIDOR\SALA TÉCNICA\00.PROJETOS\02.DOCUMENTOS\ANO 01 | K3553: ="MSV-163MS-"&I3553 -> MSV-163MS-638-NORTE | L3553: =_xlfn.XLOOKUP(E3553,LD_PROJETOS!A:A,LD_PROJETOS!H:H) -> EL | M3553: =IF(H3553<>"OBSOLETO","",H3553) | N3553: =_xlfn.TEXTJOIN("\",TRUE,J3553:M3553) -> C:\Users\luis.nunes\OneDrive - ATERPA\00.SERVIDOR\SALA TÉCNICA\00.PROJETOS\02.DOCUMENTOS\ANO 01\MSV-163MS-638-NORTE\EL
A3554: MSV-163MS-638+600-EDI-EXE-DE-K2-003-R05.pdf | C3554: Ano01_Projetos12_16.06.2026 | D3554: 46189 | E3554: MSV-163MS-638+600-EDI-EXE-DE-K2-003 | F3554: R05 | G3554: pdf | H3554: =IF(_xlfn.XLOOKUP(E3554,LD_01[DOCUMENTO],LD_01[REVISÃO])=F3554,"VIGENTE","OBSOLETO") -> VIGENTE | I3554: 638-NORTE | J3554: C:\Users\luis.nunes\OneDrive - ATERPA\00.SERVIDOR\SALA TÉCNICA\00.PROJETOS\02.DOCUMENTOS\ANO 01 | K3554: ="MSV-163MS-"&I3554 -> MSV-163MS-638-NORTE | L3554: =_xlfn.XLOOKUP(E3554,LD_PROJETOS!A:A,LD_PROJETOS!H:H) -> EL | M3554: =IF(H3554<>"OBSOLETO","",H3554) | N3554: =_xlfn.TEXTJOIN("\",TRUE,J3554:M3554) -> C:\Users\luis.nunes\OneDrive - ATERPA\00.SERVIDOR\SALA TÉCNICA\00.PROJETOS\02.DOCUMENTOS\ANO 01\MSV-163MS-638-NORTE\EL
A3555: MSV-163MS-638+600-EDI-EXE-DE-K2-004-R05a.dwg | C3555: Ano01_Projetos12_16.06.2026 | D3555: 46189 | E3555: MSV-163MS-638+600-EDI-EXE-DE-K2-004 | F3555: R05 | G3555: dwg | H3555: =IF(_xlfn.XLOOKUP(E3555,LD_01[DOCUMENTO],LD_01[REVISÃO])=F3555,"VIGENTE","OBSOLETO") -> VIGENTE | I3555: 638-NORTE | J3555: C:\Users\luis.nunes\OneDrive - ATERPA\00.SERVIDOR\SALA TÉCNICA\00.PROJETOS\02.DOCUMENTOS\ANO 01 | K3555: ="MSV-163MS-"&I3555 -> MSV-163MS-638-NORTE | L3555: =_xlfn.XLOOKUP(E3555,LD_PROJETOS!A:A,LD_PROJETOS!H:H) -> EL | M3555: =IF(H3555<>"OBSOLETO","",H3555) | N3555: =_xlfn.TEXTJOIN("\",TRUE,J3555:M3555) -> C:\Users\luis.nunes\OneDrive - ATERPA\00.SERVIDOR\SALA TÉCNICA\00.PROJETOS\02.DOCUMENTOS\ANO 01\MSV-163MS-638-NORTE\EL
A3556: MSV-163MS-638+600-EDI-EXE-DE-K2-004-R05.pdf | C3556: Ano01_Projetos12_16.06.2026 | D3556: 46189 | E3556: MSV-163MS-638+600-EDI-EXE-DE-K2-004 | F3556: R05 | G3556: pdf | H3556: =IF(_xlfn.XLOOKUP(E3556,LD_01[DOCUMENTO],LD_01[REVISÃO])=F3556,"VIGENTE","OBSOLETO") -> VIGENTE | I3556: 638-NORTE | J3556: C:\Users\luis.nunes\OneDrive - ATERPA\00.SERVIDOR\SALA TÉCNICA\00.PROJETOS\02.DOCUMENTOS\ANO 01 | K3556: ="MSV-163MS-"&I3556 -> MSV-163MS-638-NORTE | L3556: =_xlfn.XLOOKUP(E3556,LD_PROJETOS!A:A,LD_PROJETOS!H:H) -> EL | M3556: =IF(H3556<>"OBSOLETO","",H3556) | N3556: =_xlfn.TEXTJOIN("\",TRUE,J3556:M3556) -> C:\Users\luis.nunes\OneDrive - ATERPA\00.SERVIDOR\SALA TÉCNICA\00.PROJETOS\02.DOCUMENTOS\ANO 01\MSV-163MS-638-NORTE\EL
A3557: MSV-163MS-638+600-EDI-EXE-DE-K3-001-R05.dwg | C3557: Ano01_Projetos12_16.06.2026 | D3557: 46189 | E3557: MSV-163MS-638+600-EDI-EXE-DE-K3-001 | F3557: R05 | G3557: dwg | H3557: =IF(_xlfn.XLOOKUP(E3557,LD_01[DOCUMENTO],LD_01[REVISÃO])=F3557,"VIGENTE","OBSOLETO") -> VIGENTE | I3557: 638-NORTE | J3557: C:\Users\luis.nunes\OneDrive - ATERPA\00.SERVIDOR\SALA TÉCNICA\00.PROJETOS\02.DOCUMENTOS\ANO 01 | K3557: ="MSV-163MS-"&I3557 -> MSV-163MS-638-NORTE | L3557: =_xlfn.XLOOKUP(E3557,LD_PROJETOS!A:A,LD_PROJETOS!H:H) -> EL | M3557: =IF(H3557<>"OBSOLETO","",H3557) | N3557: =_xlfn.TEXTJOIN("\",TRUE,J3557:M3557) -> C:\Users\luis.nunes\OneDrive - ATERPA\00.SERVIDOR\SALA TÉCNICA\00.PROJETOS\02.DOCUMENTOS\ANO 01\MSV-163MS-638-NORTE\EL
A3558: MSV-163MS-638+600-EDI-EXE-DE-K3-001-R05.pdf | C3558: Ano01_Projetos12_16.06.2026 | D3558: 46189 | E3558: MSV-163MS-638+600-EDI-EXE-DE-K3-001 | F3558: R05 | G3558: pdf | H3558: =IF(_xlfn.XLOOKUP(E3558,LD_01[DOCUMENTO],LD_01[REVISÃO])=F3558,"VIGENTE","OBSOLETO") -> VIGENTE | I3558: 638-NORTE | J3558: C:\Users\luis.nunes\OneDrive - ATERPA\00.SERVIDOR\SALA TÉCNICA\00.PROJETOS\02.DOCUMENTOS\ANO 01 | K3558: ="MSV-163MS-"&I3558 -> MSV-163MS-638-NORTE | L3558: =_xlfn.XLOOKUP(E3558,LD_PROJETOS!A:A,LD_PROJETOS!H:H) -> EL | M3558: =IF(H3558<>"OBSOLETO","",H3558) | N3558: =_xlfn.TEXTJOIN("\",TRUE,J3558:M3558) -> C:\Users\luis.nunes\OneDrive - ATERPA\00.SERVIDOR\SALA TÉCNICA\00.PROJETOS\02.DOCUMENTOS\ANO 01\MSV-163MS-638-NORTE\EL
A3559: MSV-163MS-638+600-EDI-EXE-DE-K3-002-R04.dwg | C3559: Ano01_Projetos12_16.06.2026 | D3559: 46189 | E3559: MSV-163MS-638+600-EDI-EXE-DE-K3-002 | F3559: R04 | G3559: dwg | H3559: =IF(_xlfn.XLOOKUP(E3559,LD_01[DOCUMENTO],LD_01[REVISÃO])=F3559,"VIGENTE","OBSOLETO") -> VIGENTE | I3559: 638-NORTE | J3559: C:\Users\luis.nunes\OneDrive - ATERPA\00.SERVIDOR\SALA TÉCNICA\00.PROJETOS\02.DOCUMENTOS\ANO 01 | K3559: ="MSV-163MS-"&I3559 -> MSV-163MS-638-NORTE | L3559: =_xlfn.XLOOKUP(E3559,LD_PROJETOS!A:A,LD_PROJETOS!H:H) -> EL | M3559: =IF(H3559<>"OBSOLETO","",H3559) | N3559: =_xlfn.TEXTJOIN("\",TRUE,J3559:M3559) -> C:\Users\luis.nunes\OneDrive - ATERPA\00.SERVIDOR\SALA TÉCNICA\00.PROJETOS\02.DOCUMENTOS\ANO 01\MSV-163MS-638-NORTE\EL
A3560: MSV-163MS-638+600-EDI-EXE-DE-K3-002-R04.pdf | C3560: Ano01_Projetos12_16.06.2026 | D3560: 46189 | E3560: MSV-163MS-638+600-EDI-EXE-DE-K3-002 | F3560: R04 | G3560: pdf | H3560: =IF(_xlfn.XLOOKUP(E3560,LD_01[DOCUMENTO],LD_01[REVISÃO])=F3560,"VIGENTE","OBSOLETO") -> VIGENTE | I3560: 638-NORTE | J3560: C:\Users\luis.nunes\OneDrive - ATERPA\00.SERVIDOR\SALA TÉCNICA\00.PROJETOS\02.DOCUMENTOS\ANO 01 | K3560: ="MSV-163MS-"&I3560 -> MSV-163MS-638-NORTE | L3560: =_xlfn.XLOOKUP(E3560,LD_PROJETOS!A:A,LD_PROJETOS!H:H) -> EL | M3560: =IF(H3560<>"OBSOLETO","",H3560) | N3560: =_xlfn.TEXTJOIN("\",TRUE,J3560:M3560) -> C:\Users\luis.nunes\OneDrive - ATERPA\00.SERVIDOR\SALA TÉCNICA\00.PROJETOS\02.DOCUMENTOS\ANO 01\MSV-163MS-638-NORTE\EL
A3561: MSV-163MS-638+600-EDI-EXE-DE-K3-003-R04.dwg | C3561: Ano01_Projetos12_16.06.2026 | D3561: 46189 | E3561: MSV-163MS-638+600-EDI-EXE-DE-K3-003 | F3561: R04 | G3561: dwg | H3561: =IF(_xlfn.XLOOKUP(E3561,LD_01[DOCUMENTO],LD_01[REVISÃO])=F3561,"VIGENTE","OBSOLETO") -> VIGENTE | I3561: 638-NORTE | J3561: C:\Users\luis.nunes\OneDrive - ATERPA\00.SERVIDOR\SALA TÉCNICA\00.PROJETOS\02.DOCUMENTOS\ANO 01 | K3561: ="MSV-163MS-"&I3561 -> MSV-163MS-638-NORTE | L3561: =_xlfn.XLOOKUP(E3561,LD_PROJETOS!A:A,LD_PROJETOS!H:H) -> EL | M3561: =IF(H3561<>"OBSOLETO","",H3561) | N3561: =_xlfn.TEXTJOIN("\",TRUE,J3561:M3561) -> C:\Users\luis.nunes\OneDrive - ATERPA\00.SERVIDOR\SALA TÉCNICA\00.PROJETOS\02.DOCUMENTOS\ANO 01\MSV-163MS-638-NORTE\EL
A3562: MSV-163MS-638+600-EDI-EXE-DE-K3-003-R04.pdf | C3562: Ano01_Projetos12_16.06.2026 | D3562: 46189 | E3562: MSV-163MS-638+600-EDI-EXE-DE-K3-003 | F3562: R04 | G3562: pdf | H3562: =IF(_xlfn.XLOOKUP(E3562,LD_01[DOCUMENTO],LD_01[REVISÃO])=F3562,"VIGENTE","OBSOLETO") -> VIGENTE | I3562: 638-NORTE | J3562: C:\Users\luis.nunes\OneDrive - ATERPA\00.SERVIDOR\SALA TÉCNICA\00.PROJETOS\02.DOCUMENTOS\ANO 01 | K3562: ="MSV-163MS-"&I3562 -> MSV-163MS-638-NORTE | L3562: =_xlfn.XLOOKUP(E3562,LD_PROJETOS!A:A,LD_PROJETOS!H:H) -> EL | M3562: =IF(H3562<>"OBSOLETO","",H3562) | N3562: =_xlfn.TEXTJOIN("\",TRUE,J3562:M3562) -> C:\Users\luis.nunes\OneDrive - ATERPA\00.SERVIDOR\SALA TÉCNICA\00.PROJETOS\02.DOCUMENTOS\ANO 01\MSV-163MS-638-NORTE\EL
... A3567: MSV-163MS-638+600-EDI-EXE-MD-K2-001-R05.pdf | C3567: Ano01_Projetos12_16.06.2026 | D3567: 46189 | E3567: MSV-163MS-638+600-EDI-EXE-MD-K2-001 | F3567: R05 | G3567: pdf | H3567: =IF(_xlfn.XLOOKUP(E3567,LD_01[DOCUMENTO],LD_01[REVISÃO])=F3567,"VIGENTE","OBSOLETO") -> VIGENTE | I3567: 638-NORTE | J3567: C:\Users\luis.nunes\OneDrive - ATERPA\00.SERVIDOR\SALA TÉCNICA\00.PROJETOS\02.DOCUMENTOS\ANO 01 | K3567: ="MSV-163MS-"&I3567 -> MSV-163MS-638-NORTE | L3567: =_xlfn.XLOOKUP(E3567,LD_PROJETOS!A:A,LD_PROJETOS!H:H) -> EL | M3567: =IF(H3567<>"OBSOLETO","",H3567) | N3567: =_xlfn.TEXTJOIN("\",TRUE,J3567:M3567) -> C:\Users\luis.nunes\OneDrive - ATERPA\00.SERVIDOR\SALA TÉCNICA\00.PROJETOS\02.DOCUMENTOS\ANO 01\MSV-163MS-638-NORTE\EL
A3568: MSV-163MS-366-369-ACA-EXE-DE-H1-001-R00.2.dwg | B3568: 28508234 | C3568: Ano02_Projetos05_16.01.2026 | D3568: 46038 | E3568: MSV-163MS-366-369-ACA-EXE-DE-H1-001 | F3568: R00.2 | G3568: dwg | H3568: =IF(_xlfn.XLOOKUP(E3568,LD_01[DOCUMENTO],LD_01[REVISÃO])=F3568,"VIGENTE","OBSOLETO") -> VIGENTE | I3568: 366-369 | J3568: C:\Users\luis.nunes\OneDrive - ATERPA\00.SERVIDOR\SALA TÉCNICA\00.PROJETOS\02.DOCUMENTOS\ANO 02 | K3568: ="MSV-163MS-"&I3568 -> MSV-163MS-366-369 | L3568: =_xlfn.XLOOKUP(E3568,LD_PROJETOS!A:A,LD_PROJETOS!H:H) -> DR | M3568: =IF(H3568<>"OBSOLETO","",H3568) | N3568: =_xlfn.TEXTJOIN("\",TRUE,J3568:M3568) -> C:\Users\luis.nunes\OneDrive - ATERPA\00.SERVIDOR\SALA TÉCNICA\00.PROJETOS\02.DOCUMENTOS\ANO 02\MSV-163MS-366-369\DR
A3569: MSV-163MS-366-369-ACA-EXE-DE-H1-001-R00.2.pdf | B3569: 99266136 | C3569: Ano02_Projetos05_16.01.2026 | D3569: 46038 | E3569: MSV-163MS-366-369-ACA-EXE-DE-H1-001 | F3569: R00.2 | G3569: pdf | H3569: =IF(_xlfn.XLOOKUP(E3569,LD_01[DOCUMENTO],LD_01[REVISÃO])=F3569,"VIGENTE","OBSOLETO") -> VIGENTE | I3569: 366-369 | J3569: C:\Users\luis.nunes\OneDrive - ATERPA\00.SERVIDOR\SALA TÉCNICA\00.PROJETOS\02.DOCUMENTOS\ANO 02 | K3569: ="MSV-163MS-"&I3569 -> MSV-163MS-366-369 | L3569: =_xlfn.XLOOKUP(E3569,LD_PROJETOS!A:A,LD_PROJETOS!H:H) -> DR | M3569: =IF(H3569<>"OBSOLETO","",H3569) | N3569: =_xlfn.TEXTJOIN("\",TRUE,J3569:M3569) -> C:\Users\luis.nunes\OneDrive - ATERPA\00.SERVIDOR\SALA TÉCNICA\00.PROJETOS\02.DOCUMENTOS\ANO 02\MSV-163MS-366-369\DR
A3570: MSV-163MS-366-369-ACA-EXE-DE-H1-002-R00.2.dwg | B3570: 42978830 | C3570: Ano02_Projetos05_16.01.2026 | D3570: 46038 | E3570: MSV-163MS-366-369-ACA-EXE-DE-H1-002 | F3570: R00.2 | G3570: dwg | H3570: =IF(_xlfn.XLOOKUP(E3570,LD_01[DOCUMENTO],LD_01[REVISÃO])=F3570,"VIGENTE","OBSOLETO") -> VIGENTE | I3570: 366-369 | J3570: C:\Users\luis.nunes\OneDrive - ATERPA\00.SERVIDOR\SALA TÉCNICA\00.PROJETOS\02.DOCUMENTOS\ANO 02 | K3570: ="MSV-163MS-"&I3570 -> MSV-163MS-366-369 | L3570: =_xlfn.XLOOKUP(E3570,LD_PROJETOS!A:A,LD_PROJETOS!H:H) -> DR | M3570: =IF(H3570<>"OBSOLETO","",H3570) | N3570: =_xlfn.TEXTJOIN("\",TRUE,J3570:M3570) -> C:\Users\luis.nunes\OneDrive - ATERPA\00.SERVIDOR\SALA TÉCNICA\00.PROJETOS\02.DOCUMENTOS\ANO 02\MSV-163MS-366-369\DR
A3571: MSV-163MS-366-369-ACA-EXE-DE-H1-002-R00.2.pdf | B3571: 1709751 | C3571: Ano02_Projetos05_16.01.2026 | D3571: 46038 | E3571: MSV-163MS-366-369-ACA-EXE-DE-H1-002 | F3571: R00.2 | G3571: pdf | H3571: =IF(_xlfn.XLOOKUP(E3571,LD_01[DOCUMENTO],LD_01[REVISÃO])=F3571,"VIGENTE","OBSOLETO") -> VIGENTE | I3571: 366-369 | J3571: C:\Users\luis.nunes\OneDrive - ATERPA\00.SERVIDOR\SALA TÉCNICA\00.PROJETOS\02.DOCUMENTOS\ANO 02 | K3571: ="MSV-163MS-"&I3571 -> MSV-163MS-366-369 | L3571: =_xlfn.XLOOKUP(E3571,LD_PROJETOS!A:A,LD_PROJETOS!H:H) -> DR | M3571: =IF(H3571<>"OBSOLETO","",H3571) | N3571: =_xlfn.TEXTJOIN("\",TRUE,J3571:M3571) -> C:\Users\luis.nunes\OneDrive - ATERPA\00.SERVIDOR\SALA TÉCNICA\00.PROJETOS\02.DOCUMENTOS\ANO 02\MSV-163MS-366-369\DR
A3572: MSV-163MS-366-369-ACA-EXE-DE-H1-003-R00.2.dwg | B3572: 10254277 | C3572: Ano02_Projetos05_16.01.2026 | D3572: 46038 | E3572: MSV-163MS-366-369-ACA-EXE-DE-H1-003 | F3572: R00.2 | G3572: dwg | H3572: =IF(_xlfn.XLOOKUP(E3572,LD_01[DOCUMENTO],LD_01[REVISÃO])=F3572,"VIGENTE","OBSOLETO") -> VIGENTE | I3572: 366-369 | J3572: C:\Users\luis.nunes\OneDrive - ATERPA\00.SERVIDOR\SALA TÉCNICA\00.PROJETOS\02.DOCUMENTOS\ANO 02 | K3572: ="MSV-163MS-"&I3572 -> MSV-163MS-366-369 | L3572: =_xlfn.XLOOKUP(E3572,LD_PROJETOS!A:A,LD_PROJETOS!H:H) -> DR | M3572: =IF(H3572<>"OBSOLETO","",H3572) | N3572: =_xlfn.TEXTJOIN("\",TRUE,J3572:M3572) -> C:\Users\luis.nunes\OneDrive - ATERPA\00.SERVIDOR\SALA TÉCNICA\00.PROJETOS\02.DOCUMENTOS\ANO 02\MSV-163MS-366-369\DR
A3573: MSV-163MS-366-369-ACA-EXE-DE-H1-003-R00.2.pdf | B3573: 47686816 | C3573: Ano02_Projetos05_16.01.2026 | D3573: 46038 | E3573: MSV-163MS-366-369-ACA-EXE-DE-H1-003 | F3573: R00.2 | G3573: pdf | H3573: =IF(_xlfn.XLOOKUP(E3573,LD_01[DOCUMENTO],LD_01[REVISÃO])=F3573,"VIGENTE","OBSOLETO") -> VIGENTE | I3573: 366-369 | J3573: C:\Users\luis.nunes\OneDrive - ATERPA\00.SERVIDOR\SALA TÉCNICA\00.PROJETOS\02.DOCUMENTOS\ANO 02 | K3573: ="MSV-163MS-"&I3573 -> MSV-163MS-366-369 | L3573: =_xlfn.XLOOKUP(E3573,LD_PROJETOS!A:A,LD_PROJETOS!H:H) -> DR | M3573: =IF(H3573<>"OBSOLETO","",H3573) | N3573: =_xlfn.TEXTJOIN("\",TRUE,J3573:M3573) -> C:\Users\luis.nunes\OneDrive - ATERPA\00.SERVIDOR\SALA TÉCNICA\00.PROJETOS\02.DOCUMENTOS\ANO 02\MSV-163MS-366-369\DR
A3574: MSV-163MS-366-369-ACA-EXE-DE-H2-001-R00.6.dwg | B3574: 6551802 | C3574: Ano02_Projetos05_16.01.2026 | D3574: 46038 | E3574: MSV-163MS-366-369-ACA-EXE-DE-H2-001 | F3574: R00.6 | G3574: dwg | H3574: =IF(_xlfn.XLOOKUP(E3574,LD_01[DOCUMENTO],LD_01[REVISÃO])=F3574,"VIGENTE","OBSOLETO") -> VIGENTE | I3574: 366-369 | J3574: C:\Users\luis.nunes\OneDrive - ATERPA\00.SERVIDOR\SALA TÉCNICA\00.PROJETOS\02.DOCUMENTOS\ANO 02 | K3574: ="MSV-163MS-"&I3574 -> MSV-163MS-366-369 | L3574: =_xlfn.XLOOKUP(E3574,LD_PROJETOS!A:A,LD_PROJETOS!H:H) -> DR | M3574: =IF(H3574<>"OBSOLETO","",H3574) | N3574: =_xlfn.TEXTJOIN("\",TRUE,J3574:M3574) -> C:\Users\luis.nunes\OneDrive - ATERPA\00.SERVIDOR\SALA TÉCNICA\00.PROJETOS\02.DOCUMENTOS\ANO 02\MSV-163MS-366-369\DR
A3575: MSV-163MS-366-369-ACA-EXE-DE-H2-001-R00.6.pdf | B3575: 888555 | C3575: Ano02_Projetos05_16.01.2026 | D3575: 46038 | E3575: MSV-163MS-366-369-ACA-EXE-DE-H2-001 | F3575: R00.6 | G3575: pdf | H3575: =IF(_xlfn.XLOOKUP(E3575,LD_01[DOCUMENTO],LD_01[REVISÃO])=F3575,"VIGENTE","OBSOLETO") -> VIGENTE | I3575: 366-369 | J3575: C:\Users\luis.nunes\OneDrive - ATERPA\00.SERVIDOR\SALA TÉCNICA\00.PROJETOS\02.DOCUMENTOS\ANO 02 | K3575: ="MSV-163MS-"&I3575 -> MSV-163MS-366-369 | L3575: =_xlfn.XLOOKUP(E3575,LD_PROJETOS!A:A,LD_PROJETOS!H:H) -> DR | M3575: =IF(H3575<>"OBSOLETO","",H3575) | N3575: =_xlfn.TEXTJOIN("\",TRUE,J3575:M3575) -> C:\Users\luis.nunes\OneDrive - ATERPA\00.SERVIDOR\SALA TÉCNICA\00.PROJETOS\02.DOCUMENTOS\ANO 02\MSV-163MS-366-369\DR
...

Sheet CLASSES DE PROJETOS
B2: CLASSES DE PROJETOS OBRAS BR-163 MS
B3: 1 | C3: AC | D3: Adequação de Acessibilidade | E3: =TEXT(B3,"00")&"."&C3 -> 01.AC | F3: =UPPER(D3) -> ADEQUAÇÃO DE ACESSIBILIDADE | K3: =_xlfn.TEXTJOIN("', '",TRUE,F3:F37) -> ADEQUAÇÃO DE ACESSIBILIDADE', 'LEVANTAMENTO AEROFOTOGRAMÉTRICO', 'ARQUITETURA', 'AR CONDICIONADO (VENTILAÇÃO)', 'AUTOMAÇÃO (TELECOMUNICAÇÕES)', 'BOTA FORA', 'CONTROLE DE QUALIDADE', 'CAMINHO DE SERVIÇO', 'DATA BOOK', 'DRENAGEM', 'DESAPROPRIAÇÃO', 'DESVIO DE TRÁFEGO', 'ESTUDOS ESPECIAIS', 'ILUMINAÇÃO E INSTALAÇÕES ELÉTRICAS', 'ESTRUTURA METÁLICA', 'ESTRUTURA', 'SEQUÊNCIA EXECUTIVA', 'GEOMÉTRICO', 'GEOTECNIA E GEOLOGIA', 'VÁRIAS CLASSES DE PROJETOS / GENÉRICOS / GERAL', 'INSTALAÇÃO HIDRÁULICA', 'IMPERMEABILIZAÇÃO', 'INTERFERÊNCIAS (FAIXA DE DOMÍNIO)', 'IDENTIDADE VISUAL', 'MEIO AMBIENTE', 'OUTROS', 'PAISAGISMO', 'PAVIMENTAÇÃO', 'REINTEGRAÇÃO DE POSSE', 'DISPOSITIVOS DE SEGURANÇA', 'SINALIZAÇÃO', 'TERRAPLENAGEM', 'TOPOGRAFIA', 'ESTUDO DE TRÁFEGO', 'OBRAS COMPLEMENTARES
B4: 2 | C4: AE | D4: Levantamento Aerofotogramétrico | E4: =TEXT(B4,"00")&"."&C4 -> 02.AE | F4: =UPPER(D4) -> LEVANTAMENTO AEROFOTOGRAMÉTRICO
B5: 3 | C5: AQ | D5: Arquitetura | E5: =TEXT(B5,"00")&"."&C5 -> 03.AQ | F5: =UPPER(D5) -> ARQUITETURA
B6: 4 | C6: AR | D6: Ar Condicionado (Ventilação) | E6: =TEXT(B6,"00")&"."&C6 -> 04.AR | F6: =UPPER(D6) -> AR CONDICIONADO (VENTILAÇÃO)
B7: 5 | C7: AU | D7: Automação (Telecomunicações) | E7: =TEXT(B7,"00")&"."&C7 -> 05.AU | F7: =UPPER(D7) -> AUTOMAÇÃO (TELECOMUNICAÇÕES)
B8: 6 | C8: BF | D8: Bota Fora | E8: =TEXT(B8,"00")&"."&C8 -> 06.BF | F8: =UPPER(D8) -> BOTA FORA
B9: 7 | C9: CQ | D9: Controle de Qualidade | E9: =TEXT(B9,"00")&"."&C9 -> 07.CQ | F9: =UPPER(D9) -> CONTROLE DE QUALIDADE
B10: 8 | C10: CS | D10: Caminho de Serviço | E10: =TEXT(B10,"00")&"."&C10 -> 08.CS | F10: =UPPER(D10) -> CAMINHO DE SERVIÇO
B11: 9 | C11: DB | D11: Data Book | E11: =TEXT(B11,"00")&"."&C11 -> 09.DB | F11: =UPPER(D11) -> DATA BOOK
B12: 10 | C12: DR | D12: Drenagem | E12: =TEXT(B12,"00")&"."&C12 -> 10.DR | F12: =UPPER(D12) -> DRENAGEM
B13: 11 | C13: DS | D13: Desapropriação | E13: =TEXT(B13,"00")&"."&C13 -> 11.DS | F13: =UPPER(D13) -> DESAPROPRIAÇÃO
B14: 12 | C14: DV | D14: Desvio de Tráfego | E14: =TEXT(B14,"00")&"."&C14 -> 12.DV | F14: =UPPER(D14) -> DESVIO DE TRÁFEGO
B15: 13 | C15: EE | D15: Estudos Especiais | E15: =TEXT(B15,"00")&"."&C15 -> 13.EE | F15: =UPPER(D15) -> ESTUDOS ESPECIAIS
... B37: 35 | C37: OC | D37: Obras Complementares | E37: =TEXT(B37,"00")&"."&C37 -> 35.OC | F37: =UPPER(D37) -> OBRAS COMPLEMENTARES
